commission,article_uid,final_article_id,format_label,n_authors,authors,genesis_text_length,final_text_length
C1,C1-GEN-CH01-ART01,1,identical,16,"Arauna, Francisca|Carrillo, Alondra|Catrileo, Rosa|Delgado, Aurora|Flores, Alejandra|Hoppe, Vanessa|Madriaga, Tania|Miranda, Valentina|Perez, Alejandra|Pinto, Malucha|Politzer, Patricia|Pustilnick, Tammy|Reyes, Maria Ramona|Schonhaut, Constanza|Sepulveda, Barbara|Villena, Ingrid",959,933
C1,C1-GEN-CH01-ART02,3,similar,16,"Arauna, Francisca|Carrillo, Alondra|Catrileo, Rosa|Delgado, Aurora|Flores, Alejandra|Hoppe, Vanessa|Madriaga, Tania|Miranda, Valentina|Perez, Alejandra|Pinto, Malucha|Politzer, Patricia|Pustilnick, Tammy|Reyes, Maria Ramona|Schonhaut, Constanza|Sepulveda, Barbara|Villena, Ingrid",619,653
C1,C1-GEN-CH01-ART03,2,identical,10,"Abarca, Damaris|Barraza, Marcos|Calvo, Carlos|Carrillo, Alondra|Gallardo, Bessy|Mella, Jeniffer|Miranda, Valentina|Munoz, Pedro|Nunez, Nicolas|Sepulveda, Barbara",857,498
C1,C1-GEN-CH02-ART06,5,similar,21,"Abarca, Jorge|Aguilera, Tiare|Arauna, Francisca|Bravo, Daniel|Carrillo, Alondra|Catrileo, Rosa|Flores, Alejandra|Galleguillos, Felix|Gonzalez, Lidia|Jimenez, Luis|Loncon, Elisa|Mamani, Isabella|Martinez, Helmuth|Millabur, Adolfo|Montero, Ricardo|Namor, Guillermo|Reyes, Maria Ramona|Royo, Manuela|Sepulveda, Barbara|Tirado, Fernando|Villena, Ingrid",671,366
C1,C1-GEN-CH02-ART07,6,identical,21,"Abarca, Jorge|Aguilera, Tiare|Arauna, Francisca|Bravo, Daniel|Carrillo, Alondra|Catrileo, Rosa|Flores, Alejandra|Galleguillos, Felix|Gonzalez, Lidia|Jimenez, Luis|Loncon, Elisa|Mamani, Isabella|Martinez, Helmuth|Millabur, Adolfo|Montero, Ricardo|Namor, Guillermo|Reyes, Maria Ramona|Royo, Manuela|Sepulveda, Barbara|Tirado, Fernando|Villena, Ingrid",1483,1599
C1,C1-IND04-30-CH03-ART5bis,7,identical,3,"Chahin, Fuad|Garin, Renato|Harboe, Felipe",121,97
C1,C1-GEN-CH03-ART13,17,similar,16,"Arauna, Francisca|Atria, Fernando|Barraza, Marcos|Bassa, Jaime|Carrillo, Alondra|Celedon, Roberto|Flores, Alejandra|Giustinianovich, Elisa|Gutierrez, Hugo|Labbe, Bastian|Miranda, Valentina|Nunez, Nicolas|Quinteros, Maria Elisa|Schonhaut, Constanza|Sepulveda, Barbara|Videla, Carolina",134,580
C1,C1-IND03-17-CH03-ART13.A,18,similar,12,"Arauna, Francisca|Atria, Fernando|Carrillo, Alondra|Chahin, Fuad|Flores, Alejandra|Hurtado, Maximiliano|Montero, Ricardo|Munoz, Pedro|Namor, Guillermo|Politzer, Patricia|Schonhaut, Constanza|Sepulveda, Barbara",1589,1451
C1,C1-IND03-17-CH03-ART13.B,19,similar,12,"Arauna, Francisca|Atria, Fernando|Carrillo, Alondra|Chahin, Fuad|Flores, Alejandra|Hurtado, Maximiliano|Montero, Ricardo|Munoz, Pedro|Namor, Guillermo|Politzer, Patricia|Schonhaut, Constanza|Sepulveda, Barbara",607,645
C1,C1-GEN-CH31-ART20,25,similar,16,"Arauna, Francisca|Atria, Fernando|Barraza, Marcos|Bassa, Jaime|Carrillo, Alondra|Celedon, Roberto|Flores, Alejandra|Giustinianovich, Elisa|Gutierrez, Hugo|Labbe, Bastian|Miranda, Valentina|Nunez, Nicolas|Quinteros, Maria Elisa|Schonhaut, Constanza|Sepulveda, Barbara|Videla, Carolina",2459,1740
C1,C1-GEN-CH03-ART26,27,similar,14,"Arauna, Francisca|Arellano, Marco|Atria, Fernando|Barraza, Marcos|Bassa, Jaime|Carrillo, Alondra|Flores, Alejandra|Garin, Renato|Madriaga, Tania|Namor, Guillermo|Perez, Alejandra|Politzer, Patricia|Schonhaut, Constanza|Sepulveda, Barbara",172,169
C1,C1-GEN-CH03-ART27,28,identical,14,"Arauna, Francisca|Arellano, Marco|Atria, Fernando|Barraza, Marcos|Bassa, Jaime|Carrillo, Alondra|Flores, Alejandra|Garin, Renato|Madriaga, Tania|Namor, Guillermo|Perez, Alejandra|Politzer, Patricia|Schonhaut, Constanza|Sepulveda, Barbara",464,460
C1,C1-GEN-CH03-ART28,29,similar,14,"Arauna, Francisca|Arellano, Marco|Atria, Fernando|Barraza, Marcos|Bassa, Jaime|Carrillo, Alondra|Flores, Alejandra|Garin, Renato|Madriaga, Tania|Namor, Guillermo|Perez, Alejandra|Politzer, Patricia|Schonhaut, Constanza|Sepulveda, Barbara",1297,1682
C1,C1-GEN-CH03-ART29,30,similar,14,"Arauna, Francisca|Arellano, Marco|Atria, Fernando|Barraza, Marcos|Bassa, Jaime|Carrillo, Alondra|Flores, Alejandra|Garin, Renato|Madriaga, Tania|Namor, Guillermo|Perez, Alejandra|Politzer, Patricia|Schonhaut, Constanza|Sepulveda, Barbara",2218,1048
C1,C1-IND-CH03-ART29BIS,32,similar,0,,646,2138
C1,C1-GEN-CH03-ART30,34,similar,14,"Arauna, Francisca|Arellano, Marco|Atria, Fernando|Barraza, Marcos|Bassa, Jaime|Carrillo, Alondra|Flores, Alejandra|Garin, Renato|Madriaga, Tania|Namor, Guillermo|Perez, Alejandra|Politzer, Patricia|Schonhaut, Constanza|Sepulveda, Barbara",380,1019
C1,C1-GEN-CH03-ART31,35,similar,14,"Arauna, Francisca|Arellano, Marco|Atria, Fernando|Barraza, Marcos|Bassa, Jaime|Carrillo, Alondra|Flores, Alejandra|Garin, Renato|Madriaga, Tania|Namor, Guillermo|Perez, Alejandra|Politzer, Patricia|Schonhaut, Constanza|Sepulveda, Barbara",752,523
C1,C1-IND03-17-CH03-ART38,40,similar,3,"Cubillos, Marcela|Hube, Constanza|Zuniga, Luis Arturo",117,126
C1,C1-GEN-CH03-ART36,41,similar,14,"Arauna, Francisca|Arellano, Marco|Atria, Fernando|Barraza, Marcos|Bassa, Jaime|Carrillo, Alondra|Flores, Alejandra|Garin, Renato|Madriaga, Tania|Namor, Guillermo|Perez, Alejandra|Politzer, Patricia|Schonhaut, Constanza|Sepulveda, Barbara",612,560
C1,C1-GEN-CH03-ART37,42,similar,14,"Arauna, Francisca|Arellano, Marco|Atria, Fernando|Barraza, Marcos|Bassa, Jaime|Carrillo, Alondra|Flores, Alejandra|Garin, Renato|Madriaga, Tania|Namor, Guillermo|Perez, Alejandra|Politzer, Patricia|Schonhaut, Constanza|Sepulveda, Barbara",1607,1774
C1,C1-GEN-CH03-ART38,43,similar,14,"Arauna, Francisca|Arellano, Marco|Atria, Fernando|Barraza, Marcos|Bassa, Jaime|Carrillo, Alondra|Flores, Alejandra|Garin, Renato|Madriaga, Tania|Namor, Guillermo|Perez, Alejandra|Politzer, Patricia|Schonhaut, Constanza|Sepulveda, Barbara",318,327
C1,C1-GEN-CH03-ART39,44,similar,12,"Abarca, Damaris|Barraza, Marcos|Bassa, Jaime|Gallardo, Bessy|Godoy, Isabel|Gutierrez, Hugo|Miranda, Valentina|Nunez, Nicolas|Sepulveda, Carolina|Videla, Carolina|Vilches, Carolina|Villena, Ingrid",606,162
C1,C1-IND03-17-CH04-ART42,46,similar,12,"Arauna, Francisca|Atria, Fernando|Carrillo, Alondra|Chahin, Fuad|Flores, Alejandra|Hurtado, Maximiliano|Montero, Ricardo|Munoz, Pedro|Namor, Guillermo|Politzer, Patricia|Schonhaut, Constanza|Sepulveda, Barbara",202,382
C1,C1-GEN-CH04-ART42,46,similar,9,"Barraza, Marcos|Gallardo, Bessy|Garin, Renato|Godoy, Isabel|Gutierrez, Hugo|Miranda, Valentina|Portilla, Ericka|Sepulveda, Barbara|Videla, Carolina",298,382
C1,C1-GEN-CH04-ART43,47,similar,9,"Barraza, Marcos|Gallardo, Bessy|Garin, Renato|Godoy, Isabel|Gutierrez, Hugo|Miranda, Valentina|Portilla, Ericka|Sepulveda, Barbara|Videla, Carolina",469,615
C1,C1-GEN-CH04-ART44,48,similar,9,"Barraza, Marcos|Gallardo, Bessy|Garin, Renato|Godoy, Isabel|Gutierrez, Hugo|Miranda, Valentina|Portilla, Ericka|Sepulveda, Barbara|Videla, Carolina",130,91
C1,C1-GEN-CH04-ART45,49,similar,9,"Barraza, Marcos|Gallardo, Bessy|Garin, Renato|Godoy, Isabel|Gutierrez, Hugo|Miranda, Valentina|Portilla, Ericka|Sepulveda, Barbara|Videla, Carolina",426,1245
C1,C1-IND03-17-CH04-ART45.A,50,similar,12,"Arauna, Francisca|Atria, Fernando|Carrillo, Alondra|Chahin, Fuad|Flores, Alejandra|Hurtado, Maximiliano|Montero, Ricardo|Munoz, Pedro|Namor, Guillermo|Politzer, Patricia|Schonhaut, Constanza|Sepulveda, Barbara",238,930
C1,C1-IND03-17-CH04-ARTX45B-46,51,similar,3,"Cubillos, Marcela|Hube, Constanza|Zuniga, Luis Arturo",893,768
C1,C1-GEN-CH04-ART48,52,similar,9,"Barraza, Marcos|Gallardo, Bessy|Garin, Renato|Godoy, Isabel|Gutierrez, Hugo|Miranda, Valentina|Portilla, Ericka|Sepulveda, Barbara|Videla, Carolina",195,153
C1,C1-GEN-CH04-ART49,54,similar,9,"Barraza, Marcos|Gallardo, Bessy|Garin, Renato|Godoy, Isabel|Gutierrez, Hugo|Miranda, Valentina|Portilla, Ericka|Sepulveda, Barbara|Videla, Carolina",523,327
C1,C1-GEN-CH04-ART50,56,similar,9,"Barraza, Marcos|Gallardo, Bessy|Garin, Renato|Godoy, Isabel|Gutierrez, Hugo|Miranda, Valentina|Portilla, Ericka|Sepulveda, Barbara|Videla, Carolina",2709,3674
C1,C1-GEN-CH04-ART56,58,similar,9,"Barraza, Marcos|Gallardo, Bessy|Garin, Renato|Godoy, Isabel|Gutierrez, Hugo|Miranda, Valentina|Portilla, Ericka|Sepulveda, Barbara|Videla, Carolina",326,382
C1,C1-GEN-CH04-ART57,59,similar,9,"Barraza, Marcos|Gallardo, Bessy|Garin, Renato|Godoy, Isabel|Gutierrez, Hugo|Miranda, Valentina|Portilla, Ericka|Sepulveda, Barbara|Videla, Carolina",261,411
C1,C1-GEN-CH04-ART58,60,similar,9,"Barraza, Marcos|Gallardo, Bessy|Garin, Renato|Godoy, Isabel|Gutierrez, Hugo|Miranda, Valentina|Portilla, Ericka|Sepulveda, Barbara|Videla, Carolina",150,212
C1,C1-IND03-17-CH04-ART59B,61,similar,12,"Arauna, Francisca|Atria, Fernando|Carrillo, Alondra|Chahin, Fuad|Flores, Alejandra|Hurtado, Maximiliano|Montero, Ricardo|Munoz, Pedro|Namor, Guillermo|Politzer, Patricia|Schonhaut, Constanza|Sepulveda, Carolina",507,498
C1,C1-GEN-CH05-ART60,62,similar,16,"Arauna, Francisca|Carrillo, Alondra|Catrileo, Rosa|Delgado, Aurora|Flores, Alejandra|Hoppe, Vanessa|Madriaga, Tania|Miranda, Valentina|Perez, Alejandra|Pinto, Malucha|Politzer, Patricia|Pustilnick, Tammy|Reyes, Maria Ramona|Schonhaut, Constanza|Sepulveda, Barbara|Villena, Ingrid",442,451
C1,C1-IND03-17-CH05-ART61,63,similar,2,"Barraza, Marcos|Sepulveda, Barbara",158,246
C1,C1-GEN-CH05-ART61,64,similar,11,"Atria, Fernando|Barraza, Marcos|Bassa, Jaime|Gallardo, Bessy|Gutierrez, Hugo|Miranda, Valentina|Nunez, Nicolas|Schonhaut, Constanza|Sepulveda, Barbara|Videla, Carolina|Villena, Ingrid",1195,711
C1,C1-GEN-CH05-ART62,66,similar,11,"Atria, Fernando|Barraza, Marcos|Bassa, Jaime|Gallardo, Bessy|Gutierrez, Hugo|Miranda, Valentina|Nunez, Nicolas|Schonhaut, Constanza|Sepulveda, Barbara|Videla, Carolina|Villena, Ingrid",237,169
C1,C1-GEN-CH05-ART65,69,similar,11,"Aguilera, Tiare|Arauna, Francisca|Atria, Fernando|Bassa, Jaime|Carrillo, Alondra|Catrileo, Rosa|Gonzalez, Lidia|Jimenez, Luis|Loncon, Elisa|Mamani, Isabella|Millabur, Adolfo",985,694
C1,C1-GEN-CH05-ART66,68,similar,8,"Aguilera, Tiare|Catrileo, Rosa|Gonzalez, Lidia|Jimenez, Luis|Loncon, Elisa|Mamani, Isabella|Millabur, Adolfo|Tirado, Fernando",514,503
C1,C1-GEN-CH*-ART01,71,identical,16,"Alvarez, Julio|Atria, Fernando|Baradit, Jorge|Bassa, Jaime|Castillo, Maria Trinidad|Cruz, Andres|Fernandez, Patricio|Gomez, Claudio|Hurtado, Maximiliano|Laibe, Tomas|Montero, Ricardo|Munoz, Pedro|Namor, Guillermo|Politzer, Patricia|Schonhaut, Constanza|Valenzuela, Cesar",291,290
C1,C1-GEN-CH*-ART02,72,identical,16,"Alvarez, Julio|Atria, Fernando|Baradit, Jorge|Bassa, Jaime|Castillo, Maria Trinidad|Cruz, Andres|Fernandez, Patricio|Gomez, Claudio|Hurtado, Maximiliano|Laibe, Tomas|Montero, Ricardo|Munoz, Pedro|Namor, Guillermo|Politzer, Patricia|Schonhaut, Constanza|Valenzuela, Cesar",203,179
C1,C1-GEN-CH*-ART03,73,similar,16,"Alvarez, Julio|Atria, Fernando|Baradit, Jorge|Bassa, Jaime|Castillo, Maria Trinidad|Cruz, Andres|Fernandez, Patricio|Gomez, Claudio|Hurtado, Maximiliano|Laibe, Tomas|Montero, Ricardo|Munoz, Pedro|Namor, Guillermo|Politzer, Patricia|Schonhaut, Constanza|Valenzuela, Cesar",902,849
C1,C1-GEN-CH*-ART04,74,similar,16,"Alvarez, Julio|Atria, Fernando|Baradit, Jorge|Bassa, Jaime|Castillo, Maria Trinidad|Cruz, Andres|Fernandez, Patricio|Gomez, Claudio|Hurtado, Maximiliano|Laibe, Tomas|Montero, Ricardo|Munoz, Pedro|Namor, Guillermo|Politzer, Patricia|Schonhaut, Constanza|Valenzuela, Cesar",659,376
C1,C1-GEN-CH*-ART05,75,identical,16,"Alvarez, Julio|Atria, Fernando|Baradit, Jorge|Bassa, Jaime|Castillo, Maria Trinidad|Cruz, Andres|Fernandez, Patricio|Gomez, Claudio|Hurtado, Maximiliano|Laibe, Tomas|Montero, Ricardo|Munoz, Pedro|Namor, Guillermo|Politzer, Patricia|Schonhaut, Constanza|Valenzuela, Cesar",396,350
C1,C1-GEN-CH*-ART06,76,identical,10,"Ampuero, Adriana|Andrade, Cristobal|Arauna, Francisca|Caamano, Francisco|Henriquez, Natalia|San Juan, Constanza|Uribe, Cesar|Vallejos, Loreto|Villena, Ingrid|Zarate, Camila",532,499
C1,C1-GEN-CH*-ART07,77,identical,13,"Arellano, Marco|Baradit, Jorge|Chinga, Eric|Garin, Renato|Godoy, Isabel|Grandon, Giovanna|Labrana, Elsa|Madriaga, Tania|Perez, Alejandra|Pinto, Malucha|Portilla, Ericka|Vergara, Lisette|Woldarsky, Manuel",208,185
C1,C1-IND04-18-CH*-ART07bis,78,identical,18,"Arauna, Francisca|Arellano, Marco|Atria, Fernando|Barraza, Marcos|Bassa, Jaime|Carrillo, Alondra|Catrileo, Rosa|Chahin, Fuad|Flores, Alejandra|Hurtado, Maximiliano|Madriaga, Tania|Montero, Ricardo|Munoz, Pedro|Namor, Guillermo|Perez, Alejandra|Politzer, Patricia|Schonhaut, Constanza|Sepulveda, Barbara",229,228
C1,C1-GEN-CH*-ART08,79,identical,11,"Alvarado, Gloria|Carrillo, Alondra|Dorador, Cristina|Flores, Alejandra|Giustinianovich, Elisa|Hoppe, Vanessa|Labbe, Bastian|Meneses, Janis|Olivares, Ivanna|Quinteros, Maria Elisa|Saldana, Alvin",421,419
C1,C1-IND04-18-CH*-ART08bis,80,identical,18,"Arauna, Francisca|Arellano, Marco|Atria, Fernando|Barraza, Marcos|Bassa, Jaime|Carrillo, Alondra|Catrileo, Rosa|Chahin, Fuad|Flores, Alejandra|Hurtado, Maximiliano|Madriaga, Tania|Montero, Ricardo|Munoz, Pedro|Namor, Guillermo|Perez, Alejandra|Politzer, Patricia|Schonhaut, Constanza|Sepulveda, Barbara",205,204
C1,C1-IND04-18-CH*-ART09bis,81,similar,5,"Atria, Fernando|Bassa, Jaime|Namor, Guillermo|Politzer, Patricia|Schonhaut, Constanza",646,512
C1,C1-GEN-CH*-ART10,82,identical,11,"Baranda, Benito|Barraza, Marcos|Chahin, Fuad|Daza, Mauricio|Gutierrez, Hugo|Harboe, Felipe|Laibe, Tomas|Monckeberg, Cristian|Reyes, Maria Ramona|Vidal, Rossana|Videla, Carolina",388,386
C1,C1-IND04-18-CH*-ART11,83,identical,6,"Arauna, Francisca|Carrillo, Alondra|Flores, Alejandra|Politzer, Patricia|Schonhaut, Constanza|Sepulveda, Barbara",393,392
C1,C1-GEN-CH*-ART11,84,identical,8,"Atria, Fernando|Bassa, Jaime|Hurtado, Maximiliano|Montero, Ricardo|Munoz, Pedro|Namor, Guillermo|Politzer, Patricia|Schonhaut, Constanza",643,606
C1,C1-GEN-CH*-ART12,85,similar,8,"Atria, Fernando|Bassa, Jaime|Hurtado, Maximiliano|Montero, Ricardo|Munoz, Pedro|Namor, Guillermo|Politzer, Patricia|Schonhaut, Constanza",279,649
C1,C1-GEN-CH*-ART13,86,similar,8,"Atria, Fernando|Bassa, Jaime|Hurtado, Maximiliano|Montero, Ricardo|Munoz, Pedro|Namor, Guillermo|Politzer, Patricia|Schonhaut, Constanza",1358,1476
C1,C1-IND04-18-CH*-ART14,87,identical,18,"Arauna, Francisca|Arellano, Marco|Atria, Fernando|Barraza, Marcos|Bassa, Jaime|Carrillo, Alondra|Catrileo, Rosa|Chahin, Fuad|Flores, Alejandra|Hurtado, Maximiliano|Madriaga, Tania|Montero, Ricardo|Munoz, Pedro|Namor, Guillermo|Perez, Alejandra|Politzer, Patricia|Schonhaut, Constanza|Sepulveda, Barbara",172,171
C1,C1-GEN-CH*-ART14,88,identical,8,"Atria, Fernando|Bassa, Jaime|Hurtado, Maximiliano|Montero, Ricardo|Munoz, Pedro|Namor, Guillermo|Politzer, Patricia|Schonhaut, Constanza",597,515
C1,C1-GEN-CH*-ART15,89,similar,8,"Atria, Fernando|Bassa, Jaime|Hurtado, Maximiliano|Montero, Ricardo|Munoz, Pedro|Namor, Guillermo|Politzer, Patricia|Schonhaut, Constanza",1889,1336
C1,C1-GEN-CH*-ART17,90,identical,18,"Arauna, Francisca|Arellano, Marco|Atria, Fernando|Barraza, Marcos|Bassa, Jaime|Carrillo, Alondra|Catrileo, Rosa|Chahin, Fuad|Flores, Alejandra|Hurtado, Maximiliano|Madriaga, Tania|Montero, Ricardo|Munoz, Pedro|Namor, Guillermo|Perez, Alejandra|Politzer, Patricia|Schonhaut, Constanza|Sepulveda, Barbara",1170,1165
C1,C1-IND04-18-CH*-ART18,91,similar,18,"Arauna, Francisca|Arellano, Marco|Atria, Fernando|Barraza, Marcos|Bassa, Jaime|Carrillo, Alondra|Catrileo, Rosa|Chahin, Fuad|Flores, Alejandra|Hurtado, Maximiliano|Madriaga, Tania|Montero, Ricardo|Munoz, Pedro|Namor, Guillermo|Perez, Alejandra|Politzer, Patricia|Schonhaut, Constanza|Sepulveda, Barbara",3099,3054
C1,C1-GEN-CH*-ART18,92,identical,9,"Arellano, Marco|Garin, Renato|Grandon, Giovanna|Labrana, Elsa|Madriaga, Tania|Perez, Alejandra|Portilla, Ericka|Vergara, Lisette|Woldarsky, Manuel",745,705
C1,C1-IND04-18-CH*-ART18bis,93,similar,13,"Arauna, Francisca|Atria, Fernando|Bassa, Jaime|Carrillo, Alondra|Catrileo, Rosa|Chahin, Fuad|Flores, Alejandra|Hurtado, Maximiliano|Montero, Ricardo|Munoz, Pedro|Namor, Guillermo|Politzer, Patricia|Schonhaut, Constanza",2139,2319
C1,C1-IND04-18-CH*-ART18ter,93,similar,13,"Arauna, Francisca|Atria, Fernando|Bassa, Jaime|Carrillo, Alondra|Catrileo, Rosa|Chahin, Fuad|Flores, Alejandra|Hurtado, Maximiliano|Montero, Ricardo|Munoz, Pedro|Namor, Guillermo|Politzer, Patricia|Schonhaut, Constanza",1034,2319
C1,C1-IND04-30-CH*-ART24bis,95,identical,15,"Arauna, Francisca|Arellano, Marco|Barraza, Marcos|Bassa, Jaime|Carrillo, Alondra|Catrileo, Rosa|Hurtado, Maximiliano|Madriaga, Tania|Montero, Ricardo|Munoz, Pedro|Namor, Guillermo|Perez, Alejandra|Politzer, Patricia|Schonhaut, Constanza|Sepulveda, Barbara",271,271
C1,C1-IND04-18-CH*-ART18quater,96,similar,13,"Arauna, Francisca|Atria, Fernando|Bassa, Jaime|Carrillo, Alondra|Catrileo, Rosa|Chahin, Fuad|Flores, Alejandra|Hurtado, Maximiliano|Montero, Ricardo|Munoz, Pedro|Namor, Guillermo|Politzer, Patricia|Schonhaut, Constanza",1950,1063
C1,C1-IND04-18-CH*-ART18quinquier,97,identical,13,"Arauna, Francisca|Atria, Fernando|Bassa, Jaime|Carrillo, Alondra|Catrileo, Rosa|Chahin, Fuad|Flores, Alejandra|Hurtado, Maximiliano|Montero, Ricardo|Munoz, Pedro|Namor, Guillermo|Politzer, Patricia|Schonhaut, Constanza",1381,1005
C1,C1-IND04-18-CH*-ART18octies,100,identical,13,"Arauna, Francisca|Atria, Fernando|Bassa, Jaime|Carrillo, Alondra|Catrileo, Rosa|Chahin, Fuad|Flores, Alejandra|Hurtado, Maximiliano|Montero, Ricardo|Munoz, Pedro|Namor, Guillermo|Politzer, Patricia|Schonhaut, Constanza",320,294
C1,C1-IND04-01-2-CHTX-TIT1-ART1.9,8,similar,17,"Arauna, Francisca|Arellano, Marco|Atria, Fernando|Barraza, Marcos|Bassa, Jaime|Carrillo, Alondra|Catrileo, Rosa|Flores, Alejandra|Hurtado, Maximiliano|Madriaga, Tania|Montero, Ricardo|Munoz, Pedro|Namor, Guillermo|Perez, Alejandra|Politzer, Patricia|Schonhaut, Constanza|Sepúlveda, Barbara",662,498
C1,C1-IND04-01-2-CHTX-TIT1-ART3.11,8,similar,17,"Arauna, Francisca|Arellano, Marco|Atria, Fernando|Barraza, Marcos|Bassa, Jaime|Carrillo, Alondra|Catrileo, Rosa|Flores, Alejandra|Hurtado, Maximiliano|Madriaga, Tania|Montero, Ricardo|Munoz, Pedro|Namor, Guillermo|Perez, Alejandra|Politzer, Patricia|Schonhaut, Constanza|Sepúlveda, Barbara",794,498
C1,C1-IND04-01-2-CHTX-TIT1-ART4.28,9,similar,17,"Arauna, Francisca|Arellano, Marco|Atria, Fernando|Barraza, Marcos|Bassa, Jaime|Carrillo, Alondra|Catrileo, Rosa|Flores, Alejandra|Hurtado, Maximiliano|Madriaga, Tania|Montero, Ricardo|Munoz, Pedro|Namor, Guillermo|Perez, Alejandra|Politzer, Patricia|Schonhaut, Constanza|Sepúlveda, Barbara",742,693
C1,C1-IND04-01-2-CHTX-TIT2-ART5.51,11,identical,17,"Arauna, Francisca|Arellano, Marco|Atria, Fernando|Barraza, Marcos|Bassa, Jaime|Carrillo, Alondra|Catrileo, Rosa|Flores, Alejandra|Hurtado, Maximiliano|Madriaga, Tania|Montero, Ricardo|Munoz, Pedro|Namor, Guillermo|Perez, Alejandra|Politzer, Patricia|Schonhaut, Constanza|Sepúlveda, Barbara",304,302
C1,C1-IND04-01-2-CHTX-TIT2-ART6.52,12,similar,17,"Arauna, Francisca|Arellano, Marco|Atria, Fernando|Barraza, Marcos|Bassa, Jaime|Carrillo, Alondra|Catrileo, Rosa|Flores, Alejandra|Hurtado, Maximiliano|Madriaga, Tania|Montero, Ricardo|Munoz, Pedro|Namor, Guillermo|Perez, Alejandra|Politzer, Patricia|Schonhaut, Constanza|Sepúlveda, Barbara",990,807
C1,C1-IND04-01-2-CHTX-TIT2-ART7.26,12,identical,17,"Arauna, Francisca|Arellano, Marco|Atria, Fernando|Barraza, Marcos|Bassa, Jaime|Carrillo, Alondra|Catrileo, Rosa|Flores, Alejandra|Hurtado, Maximiliano|Madriaga, Tania|Montero, Ricardo|Munoz, Pedro|Namor, Guillermo|Perez, Alejandra|Politzer, Patricia|Schonhaut, Constanza|Sepúlveda, Barbara",812,807
C1,C1-IND04-30-2-CH03-ART11bis,13,similar,14,"Atria, Fernando|Barraza, Marcos|Bassa, Jaime|Carrillo, Alondra|Catrileo, Rosa|Flores, Alejandra|Hurtado, Maximiliano|Montero, Ricardo|Munoz, Pedro|Namor, Guillermo|Politzer, Patricia|Pustilnick, Tammy|Schonhaut, Constanza|Sepulveda, Barbara",2680,2660
C1,C1-IND04-30-2-CH03-ART11ter,14,identical,14,"Atria, Fernando|Barraza, Marcos|Bassa, Jaime|Carrillo, Alondra|Catrileo, Rosa|Flores, Alejandra|Hurtado, Maximiliano|Montero, Ricardo|Munoz, Pedro|Namor, Guillermo|Politzer, Patricia|Pustilnick, Tammy|Schonhaut, Constanza|Sepulveda, Barbara",1246,1238
C1,C1-IND04-01-2-CHTX-TIT3-ART8.N,15,similar,17,"Arauna, Francisca|Arellano, Marco|Atria, Fernando|Barraza, Marcos|Bassa, Jaime|Carrillo, Alondra|Catrileo, Rosa|Flores, Alejandra|Hurtado, Maximiliano|Madriaga, Tania|Montero, Ricardo|Munoz, Pedro|Namor, Guillermo|Perez, Alejandra|Politzer, Patricia|Schonhaut, Constanza|Sepúlveda, Barbara",279,279
C1,C1-IND04-30-2-CH03-ART12bis,16,similar,14,"Atria, Fernando|Barraza, Marcos|Bassa, Jaime|Carrillo, Alondra|Catrileo, Rosa|Flores, Alejandra|Hurtado, Maximiliano|Montero, Ricardo|Munoz, Pedro|Namor, Guillermo|Politzer, Patricia|Pustilnick, Tammy|Schonhaut, Constanza|Sepulveda, Barbara",279,278
C1,C1-IND04-01-2-CHTX-TIT4-ART9.13,17,identical,17,"Arauna, Francisca|Arellano, Marco|Atria, Fernando|Barraza, Marcos|Bassa, Jaime|Carrillo, Alondra|Catrileo, Rosa|Flores, Alejandra|Hurtado, Maximiliano|Madriaga, Tania|Montero, Ricardo|Munoz, Pedro|Namor, Guillermo|Perez, Alejandra|Politzer, Patricia|Schonhaut, Constanza|Sepúlveda, Barbara",582,580
C1,C1-IND04-01-2-CHTX-TIT4-ART10.14,18,similar,17,"Arauna, Francisca|Arellano, Marco|Atria, Fernando|Barraza, Marcos|Bassa, Jaime|Carrillo, Alondra|Catrileo, Rosa|Flores, Alejandra|Hurtado, Maximiliano|Madriaga, Tania|Montero, Ricardo|Munoz, Pedro|Namor, Guillermo|Perez, Alejandra|Politzer, Patricia|Schonhaut, Constanza|Sepúlveda, Barbara",1483,1451
C1,C1-IND04-01-2-CHTX-TIT4-ART11.15,19,similar,17,"Arauna, Francisca|Arellano, Marco|Atria, Fernando|Barraza, Marcos|Bassa, Jaime|Carrillo, Alondra|Catrileo, Rosa|Flores, Alejandra|Hurtado, Maximiliano|Madriaga, Tania|Montero, Ricardo|Munoz, Pedro|Namor, Guillermo|Perez, Alejandra|Politzer, Patricia|Schonhaut, Constanza|Sepúlveda, Barbara",643,645
C1,C1-IND04-01-2-CHTX-TIT4-ART12.16,20,similar,17,"Arauna, Francisca|Arellano, Marco|Atria, Fernando|Barraza, Marcos|Bassa, Jaime|Carrillo, Alondra|Catrileo, Rosa|Flores, Alejandra|Hurtado, Maximiliano|Madriaga, Tania|Montero, Ricardo|Munoz, Pedro|Namor, Guillermo|Perez, Alejandra|Politzer, Patricia|Schonhaut, Constanza|Sepúlveda, Barbara",255,259
C1,C1-IND04-01-2-CHTX-TIT4-ART13.18,21,identical,17,"Arauna, Francisca|Arellano, Marco|Atria, Fernando|Barraza, Marcos|Bassa, Jaime|Carrillo, Alondra|Catrileo, Rosa|Flores, Alejandra|Hurtado, Maximiliano|Madriaga, Tania|Montero, Ricardo|Munoz, Pedro|Namor, Guillermo|Perez, Alejandra|Politzer, Patricia|Schonhaut, Constanza|Sepúlveda, Barbara",471,468
C1,C1-IND04-01-2-CHTX-TIT4-ART14.19,22,identical,17,"Arauna, Francisca|Arellano, Marco|Atria, Fernando|Barraza, Marcos|Bassa, Jaime|Carrillo, Alondra|Catrileo, Rosa|Flores, Alejandra|Hurtado, Maximiliano|Madriaga, Tania|Montero, Ricardo|Munoz, Pedro|Namor, Guillermo|Perez, Alejandra|Politzer, Patricia|Schonhaut, Constanza|Sepúlveda, Barbara",152,151
C1,C1-IND04-01-2-CHTX-TIT4-ART16.21,24,similar,17,"Arauna, Francisca|Arellano, Marco|Atria, Fernando|Barraza, Marcos|Bassa, Jaime|Carrillo, Alondra|Catrileo, Rosa|Flores, Alejandra|Hurtado, Maximiliano|Madriaga, Tania|Montero, Ricardo|Munoz, Pedro|Namor, Guillermo|Perez, Alejandra|Politzer, Patricia|Schonhaut, Constanza|Sepúlveda, Barbara",1058,1040
C1,C1-IND04-01-2-CHTX-TIT4-ART17.22,25,similar,17,"Arauna, Francisca|Arellano, Marco|Atria, Fernando|Barraza, Marcos|Bassa, Jaime|Carrillo, Alondra|Catrileo, Rosa|Flores, Alejandra|Hurtado, Maximiliano|Madriaga, Tania|Montero, Ricardo|Munoz, Pedro|Namor, Guillermo|Perez, Alejandra|Politzer, Patricia|Schonhaut, Constanza|Sepúlveda, Barbara",1605,1740
C1,C1-IND04-01-2-CHTX-TIT5-ART18.32,26,similar,17,"Arauna, Francisca|Arellano, Marco|Atria, Fernando|Barraza, Marcos|Bassa, Jaime|Carrillo, Alondra|Catrileo, Rosa|Flores, Alejandra|Hurtado, Maximiliano|Madriaga, Tania|Montero, Ricardo|Munoz, Pedro|Namor, Guillermo|Perez, Alejandra|Politzer, Patricia|Schonhaut, Constanza|Sepúlveda, Barbara",3059,2806
C1,C1-IND04-01-2-CHTX-TIT5-ART19.33,27,identical,17,"Arauna, Francisca|Arellano, Marco|Atria, Fernando|Barraza, Marcos|Bassa, Jaime|Carrillo, Alondra|Catrileo, Rosa|Flores, Alejandra|Hurtado, Maximiliano|Madriaga, Tania|Montero, Ricardo|Munoz, Pedro|Namor, Guillermo|Perez, Alejandra|Politzer, Patricia|Schonhaut, Constanza|Sepúlveda, Barbara",170,169
C1,C1-IND04-01-2-CHTX-TIT5-ART20.34,28,identical,17,"Arauna, Francisca|Arellano, Marco|Atria, Fernando|Barraza, Marcos|Bassa, Jaime|Carrillo, Alondra|Catrileo, Rosa|Flores, Alejandra|Hurtado, Maximiliano|Madriaga, Tania|Montero, Ricardo|Munoz, Pedro|Namor, Guillermo|Perez, Alejandra|Politzer, Patricia|Schonhaut, Constanza|Sepúlveda, Barbara",473,460
C1,C1-IND04-01-2-CHTX-TIT5-ART21.35,29,similar,17,"Arauna, Francisca|Arellano, Marco|Atria, Fernando|Barraza, Marcos|Bassa, Jaime|Carrillo, Alondra|Catrileo, Rosa|Flores, Alejandra|Hurtado, Maximiliano|Madriaga, Tania|Montero, Ricardo|Munoz, Pedro|Namor, Guillermo|Perez, Alejandra|Politzer, Patricia|Schonhaut, Constanza|Sepúlveda, Barbara",1690,1682
C1,C1-IND04-01-2-CHTX-TIT5-ART22.36,30,identical,17,"Arauna, Francisca|Arellano, Marco|Atria, Fernando|Barraza, Marcos|Bassa, Jaime|Carrillo, Alondra|Catrileo, Rosa|Flores, Alejandra|Hurtado, Maximiliano|Madriaga, Tania|Montero, Ricardo|Munoz, Pedro|Namor, Guillermo|Perez, Alejandra|Politzer, Patricia|Schonhaut, Constanza|Sepúlveda, Barbara",1055,1048
C1,C1-IND04-01-2-CHTX-TIT5-ART23.36b,31,similar,17,"Arauna, Francisca|Arellano, Marco|Atria, Fernando|Barraza, Marcos|Bassa, Jaime|Carrillo, Alondra|Catrileo, Rosa|Flores, Alejandra|Hurtado, Maximiliano|Madriaga, Tania|Montero, Ricardo|Munoz, Pedro|Namor, Guillermo|Perez, Alejandra|Politzer, Patricia|Schonhaut, Constanza|Sepúlveda, Barbara",1287,1377
C1,C1-IND04-01-2-CHTX-TIT5-ART24.37,32,similar,17,"Arauna, Francisca|Arellano, Marco|Atria, Fernando|Barraza, Marcos|Bassa, Jaime|Carrillo, Alondra|Catrileo, Rosa|Flores, Alejandra|Hurtado, Maximiliano|Madriaga, Tania|Montero, Ricardo|Munoz, Pedro|Namor, Guillermo|Perez, Alejandra|Politzer, Patricia|Schonhaut, Constanza|Sepúlveda, Barbara",1614,2138
C1,C1-IND04-01-2-CHTX-TIT5-ART25.38,34,similar,17,"Arauna, Francisca|Arellano, Marco|Atria, Fernando|Barraza, Marcos|Bassa, Jaime|Carrillo, Alondra|Catrileo, Rosa|Flores, Alejandra|Hurtado, Maximiliano|Madriaga, Tania|Montero, Ricardo|Munoz, Pedro|Namor, Guillermo|Perez, Alejandra|Politzer, Patricia|Schonhaut, Constanza|Sepúlveda, Barbara",744,1019
C1,C1-IND04-01-2-CHTX-TIT5-ART26.39,35,similar,17,"Arauna, Francisca|Arellano, Marco|Atria, Fernando|Barraza, Marcos|Bassa, Jaime|Carrillo, Alondra|Catrileo, Rosa|Flores, Alejandra|Hurtado, Maximiliano|Madriaga, Tania|Montero, Ricardo|Munoz, Pedro|Namor, Guillermo|Perez, Alejandra|Politzer, Patricia|Schonhaut, Constanza|Sepúlveda, Barbara",719,523
C1,C1-IND04-01-2-CHTX-TIT5-ART27.40,37,similar,17,"Arauna, Francisca|Arellano, Marco|Atria, Fernando|Barraza, Marcos|Bassa, Jaime|Carrillo, Alondra|Catrileo, Rosa|Flores, Alejandra|Hurtado, Maximiliano|Madriaga, Tania|Montero, Ricardo|Munoz, Pedro|Namor, Guillermo|Perez, Alejandra|Politzer, Patricia|Schonhaut, Constanza|Sepúlveda, Barbara",1997,1205
C1,C1-IND04-01-2-CHTX-TIT5-ART28.42,39,similar,17,"Arauna, Francisca|Arellano, Marco|Atria, Fernando|Barraza, Marcos|Bassa, Jaime|Carrillo, Alondra|Catrileo, Rosa|Flores, Alejandra|Hurtado, Maximiliano|Madriaga, Tania|Montero, Ricardo|Munoz, Pedro|Namor, Guillermo|Perez, Alejandra|Politzer, Patricia|Schonhaut, Constanza|Sepúlveda, Barbara",805,1206
C1,C1-IND04-01-2-CHTX-TIT5-ART29.43,40,identical,17,"Arauna, Francisca|Arellano, Marco|Atria, Fernando|Barraza, Marcos|Bassa, Jaime|Carrillo, Alondra|Catrileo, Rosa|Flores, Alejandra|Hurtado, Maximiliano|Madriaga, Tania|Montero, Ricardo|Munoz, Pedro|Namor, Guillermo|Perez, Alejandra|Politzer, Patricia|Schonhaut, Constanza|Sepúlveda, Barbara",127,126
C1,C1-IND04-01-2-CHTX-TIT5-ART30.46,41,similar,17,"Arauna, Francisca|Arellano, Marco|Atria, Fernando|Barraza, Marcos|Bassa, Jaime|Carrillo, Alondra|Catrileo, Rosa|Flores, Alejandra|Hurtado, Maximiliano|Madriaga, Tania|Montero, Ricardo|Munoz, Pedro|Namor, Guillermo|Perez, Alejandra|Politzer, Patricia|Schonhaut, Constanza|Sepúlveda, Barbara",564,560
C1,C1-IND04-01-2-CHTX-TIT5-ART31.47,42,similar,17,"Arauna, Francisca|Arellano, Marco|Atria, Fernando|Barraza, Marcos|Bassa, Jaime|Carrillo, Alondra|Catrileo, Rosa|Flores, Alejandra|Hurtado, Maximiliano|Madriaga, Tania|Montero, Ricardo|Munoz, Pedro|Namor, Guillermo|Perez, Alejandra|Politzer, Patricia|Schonhaut, Constanza|Sepúlveda, Barbara",1739,1774
C1,C1-IND04-01-2-CHTX-TIT5-ART32.48,43,identical,17,"Arauna, Francisca|Arellano, Marco|Atria, Fernando|Barraza, Marcos|Bassa, Jaime|Carrillo, Alondra|Catrileo, Rosa|Flores, Alejandra|Hurtado, Maximiliano|Madriaga, Tania|Montero, Ricardo|Munoz, Pedro|Namor, Guillermo|Perez, Alejandra|Politzer, Patricia|Schonhaut, Constanza|Sepúlveda, Barbara",329,327
C1,C1-IND04-01-2-CHTX-TIT5-ART33.49,44,identical,17,"Arauna, Francisca|Arellano, Marco|Atria, Fernando|Barraza, Marcos|Bassa, Jaime|Carrillo, Alondra|Catrileo, Rosa|Flores, Alejandra|Hurtado, Maximiliano|Madriaga, Tania|Montero, Ricardo|Munoz, Pedro|Namor, Guillermo|Perez, Alejandra|Politzer, Patricia|Schonhaut, Constanza|Sepúlveda, Barbara",163,162
C1,C1-IND04-01-2-CHTX-TIT5-ART34,45,identical,17,"Arauna, Francisca|Arellano, Marco|Atria, Fernando|Barraza, Marcos|Bassa, Jaime|Carrillo, Alondra|Catrileo, Rosa|Flores, Alejandra|Hurtado, Maximiliano|Madriaga, Tania|Montero, Ricardo|Munoz, Pedro|Namor, Guillermo|Perez, Alejandra|Politzer, Patricia|Schonhaut, Constanza|Sepúlveda, Barbara",610,607
C1,C1-IND04-01-2-CHTX-TIT6-ART35.58,46,identical,17,"Arauna, Francisca|Arellano, Marco|Atria, Fernando|Barraza, Marcos|Bassa, Jaime|Carrillo, Alondra|Catrileo, Rosa|Flores, Alejandra|Hurtado, Maximiliano|Madriaga, Tania|Montero, Ricardo|Munoz, Pedro|Namor, Guillermo|Perez, Alejandra|Politzer, Patricia|Schonhaut, Constanza|Sepúlveda, Barbara",384,382
C1,C1-IND04-01-2-CHTX-TIT6-ART36.59,47,identical,17,"Arauna, Francisca|Arellano, Marco|Atria, Fernando|Barraza, Marcos|Bassa, Jaime|Carrillo, Alondra|Catrileo, Rosa|Flores, Alejandra|Hurtado, Maximiliano|Madriaga, Tania|Montero, Ricardo|Munoz, Pedro|Namor, Guillermo|Perez, Alejandra|Politzer, Patricia|Schonhaut, Constanza|Sepúlveda, Barbara",602,615
C1,C1-IND04-01-2-CHTX-TIT6-ART37.60,48,identical,17,"Arauna, Francisca|Arellano, Marco|Atria, Fernando|Barraza, Marcos|Bassa, Jaime|Carrillo, Alondra|Catrileo, Rosa|Flores, Alejandra|Hurtado, Maximiliano|Madriaga, Tania|Montero, Ricardo|Munoz, Pedro|Namor, Guillermo|Perez, Alejandra|Politzer, Patricia|Schonhaut, Constanza|Sepúlveda, Barbara",92,91
C1,C1-IND04-01-2-CHTX-TIT6-ART38.61,49,identical,17,"Arauna, Francisca|Arellano, Marco|Atria, Fernando|Barraza, Marcos|Bassa, Jaime|Carrillo, Alondra|Catrileo, Rosa|Flores, Alejandra|Hurtado, Maximiliano|Madriaga, Tania|Montero, Ricardo|Munoz, Pedro|Namor, Guillermo|Perez, Alejandra|Politzer, Patricia|Schonhaut, Constanza|Sepúlveda, Barbara",1255,1245
C1,C1-IND04-01-2-CHTX-TIT6-ART39.62,50,identical,17,"Arauna, Francisca|Arellano, Marco|Atria, Fernando|Barraza, Marcos|Bassa, Jaime|Carrillo, Alondra|Catrileo, Rosa|Flores, Alejandra|Hurtado, Maximiliano|Madriaga, Tania|Montero, Ricardo|Munoz, Pedro|Namor, Guillermo|Perez, Alejandra|Politzer, Patricia|Schonhaut, Constanza|Sepúlveda, Barbara",947,930
C1,C1-IND04-01-2-CHTX-TIT6-ART40.64,51,similar,17,"Arauna, Francisca|Arellano, Marco|Atria, Fernando|Barraza, Marcos|Bassa, Jaime|Carrillo, Alondra|Catrileo, Rosa|Flores, Alejandra|Hurtado, Maximiliano|Madriaga, Tania|Montero, Ricardo|Munoz, Pedro|Namor, Guillermo|Perez, Alejandra|Politzer, Patricia|Schonhaut, Constanza|Sepúlveda, Barbara",772,768
C1,C1-IND04-01-2-CHTX-TIT6-ART41.66,52,identical,17,"Arauna, Francisca|Arellano, Marco|Atria, Fernando|Barraza, Marcos|Bassa, Jaime|Carrillo, Alondra|Catrileo, Rosa|Flores, Alejandra|Hurtado, Maximiliano|Madriaga, Tania|Montero, Ricardo|Munoz, Pedro|Namor, Guillermo|Perez, Alejandra|Politzer, Patricia|Schonhaut, Constanza|Sepúlveda, Barbara",154,153
C1,C1-IND04-01-2-CHTX-TIT6-ART42.67,54,similar,17,"Arauna, Francisca|Arellano, Marco|Atria, Fernando|Barraza, Marcos|Bassa, Jaime|Carrillo, Alondra|Catrileo, Rosa|Flores, Alejandra|Hurtado, Maximiliano|Madriaga, Tania|Montero, Ricardo|Munoz, Pedro|Namor, Guillermo|Perez, Alejandra|Politzer, Patricia|Schonhaut, Constanza|Sepúlveda, Barbara",313,327
C1,C1-IND04-01-2-CHTX-TIT6-ART43.66,55,similar,17,"Arauna, Francisca|Arellano, Marco|Atria, Fernando|Barraza, Marcos|Bassa, Jaime|Carrillo, Alondra|Catrileo, Rosa|Flores, Alejandra|Hurtado, Maximiliano|Madriaga, Tania|Montero, Ricardo|Munoz, Pedro|Namor, Guillermo|Perez, Alejandra|Politzer, Patricia|Schonhaut, Constanza|Sepúlveda, Barbara",1672,1673
C1,C1-IND04-01-2-CHTX-TIT6-ART44.68,56,similar,17,"Arauna, Francisca|Arellano, Marco|Atria, Fernando|Barraza, Marcos|Bassa, Jaime|Carrillo, Alondra|Catrileo, Rosa|Flores, Alejandra|Hurtado, Maximiliano|Madriaga, Tania|Montero, Ricardo|Munoz, Pedro|Namor, Guillermo|Perez, Alejandra|Politzer, Patricia|Schonhaut, Constanza|Sepúlveda, Barbara",3691,3674
C1,C1-IND04-01-2-CHTX-TIT6-ART45.74,57,similar,17,"Arauna, Francisca|Arellano, Marco|Atria, Fernando|Barraza, Marcos|Bassa, Jaime|Carrillo, Alondra|Catrileo, Rosa|Flores, Alejandra|Hurtado, Maximiliano|Madriaga, Tania|Montero, Ricardo|Munoz, Pedro|Namor, Guillermo|Perez, Alejandra|Politzer, Patricia|Schonhaut, Constanza|Sepúlveda, Barbara",709,539
C1,C1-IND04-01-2-CHTX-TIT6-ART46.78,58,identical,17,"Arauna, Francisca|Arellano, Marco|Atria, Fernando|Barraza, Marcos|Bassa, Jaime|Carrillo, Alondra|Catrileo, Rosa|Flores, Alejandra|Hurtado, Maximiliano|Madriaga, Tania|Montero, Ricardo|Munoz, Pedro|Namor, Guillermo|Perez, Alejandra|Politzer, Patricia|Schonhaut, Constanza|Sepúlveda, Barbara",383,382
C1,C1-IND04-01-2-CHTX-TIT6-ART47.79,59,similar,17,"Arauna, Francisca|Arellano, Marco|Atria, Fernando|Barraza, Marcos|Bassa, Jaime|Carrillo, Alondra|Catrileo, Rosa|Flores, Alejandra|Hurtado, Maximiliano|Madriaga, Tania|Montero, Ricardo|Munoz, Pedro|Namor, Guillermo|Perez, Alejandra|Politzer, Patricia|Schonhaut, Constanza|Sepúlveda, Barbara",389,411
C1,C1-IND04-01-2-CHTX-TIT6-ART48.80,60,identical,17,"Arauna, Francisca|Arellano, Marco|Atria, Fernando|Barraza, Marcos|Bassa, Jaime|Carrillo, Alondra|Catrileo, Rosa|Flores, Alejandra|Hurtado, Maximiliano|Madriaga, Tania|Montero, Ricardo|Munoz, Pedro|Namor, Guillermo|Perez, Alejandra|Politzer, Patricia|Schonhaut, Constanza|Sepúlveda, Barbara",213,212
C1,C1-IND04-01-2-CHTX-TIT6-ART49.81,61,identical,17,"Arauna, Francisca|Arellano, Marco|Atria, Fernando|Barraza, Marcos|Bassa, Jaime|Carrillo, Alondra|Catrileo, Rosa|Flores, Alejandra|Hurtado, Maximiliano|Madriaga, Tania|Montero, Ricardo|Munoz, Pedro|Namor, Guillermo|Perez, Alejandra|Politzer, Patricia|Schonhaut, Constanza|Sepúlveda, Barbara",500,498
C1,C1-IND04-01-2-CHTX-TIT7-ART50.82,62,identical,17,"Arauna, Francisca|Arellano, Marco|Atria, Fernando|Barraza, Marcos|Bassa, Jaime|Carrillo, Alondra|Catrileo, Rosa|Flores, Alejandra|Hurtado, Maximiliano|Madriaga, Tania|Montero, Ricardo|Munoz, Pedro|Namor, Guillermo|Perez, Alejandra|Politzer, Patricia|Schonhaut, Constanza|Sepúlveda, Barbara",455,451
C1,C1-IND04-01-2-CHTX-TIT7-ART50BIS,4,identical,11,"Arauna, Francisca|Atria, Fernando|Barraza, Marcos|Bassa, Jaime|Flores, Alejandra|Laibe, Tomas|Munoz, Pedro|Namor, Guillermo|Politzer, Patricia|Schonhaut, Constanza|Sepulveda, Barbara",169,163
C1,C1-IND04-01-2-CHTX-TIT7-ART51.83,63,identical,17,"Arauna, Francisca|Arellano, Marco|Atria, Fernando|Barraza, Marcos|Bassa, Jaime|Carrillo, Alondra|Catrileo, Rosa|Flores, Alejandra|Hurtado, Maximiliano|Madriaga, Tania|Montero, Ricardo|Munoz, Pedro|Namor, Guillermo|Perez, Alejandra|Politzer, Patricia|Schonhaut, Constanza|Sepúlveda, Barbara",248,246
C1,C1-IND04-01-2-CHTX-TIT7-ART52.84,64,identical,17,"Arauna, Francisca|Arellano, Marco|Atria, Fernando|Barraza, Marcos|Bassa, Jaime|Carrillo, Alondra|Catrileo, Rosa|Flores, Alejandra|Hurtado, Maximiliano|Madriaga, Tania|Montero, Ricardo|Munoz, Pedro|Namor, Guillermo|Perez, Alejandra|Politzer, Patricia|Schonhaut, Constanza|Sepúlveda, Barbara",719,711
C1,C1-IND04-01-2-CHTX-TIT7-ART53.84B,65,identical,17,"Arauna, Francisca|Arellano, Marco|Atria, Fernando|Barraza, Marcos|Bassa, Jaime|Carrillo, Alondra|Catrileo, Rosa|Flores, Alejandra|Hurtado, Maximiliano|Madriaga, Tania|Montero, Ricardo|Munoz, Pedro|Namor, Guillermo|Perez, Alejandra|Politzer, Patricia|Schonhaut, Constanza|Sepúlveda, Barbara",213,211
C1,C1-IND04-01-2-CHTX-TIT7-ART54.85,66,similar,17,"Arauna, Francisca|Arellano, Marco|Atria, Fernando|Barraza, Marcos|Bassa, Jaime|Carrillo, Alondra|Catrileo, Rosa|Flores, Alejandra|Hurtado, Maximiliano|Madriaga, Tania|Montero, Ricardo|Munoz, Pedro|Namor, Guillermo|Perez, Alejandra|Politzer, Patricia|Schonhaut, Constanza|Sepúlveda, Barbara",213,169
C1,C1-IND04-01-2-CHTX-TIT8-ART55.87,67,identical,17,"Arauna, Francisca|Arellano, Marco|Atria, Fernando|Barraza, Marcos|Bassa, Jaime|Carrillo, Alondra|Catrileo, Rosa|Flores, Alejandra|Hurtado, Maximiliano|Madriaga, Tania|Montero, Ricardo|Munoz, Pedro|Namor, Guillermo|Perez, Alejandra|Politzer, Patricia|Schonhaut, Constanza|Sepúlveda, Barbara",451,449
C1,C1-IND04-01-2-CHTX-TIT8-ART56,33,similar,7,"Atria, Fernando|Barraza, Marcos|Bassa, Jaime|Namor, Guillermo|Politzer, Patricia|Schonhaut, Constanza|Sepulveda, Barbara",1377,1488
C1,C1-IND04-01-2-CHTX-TIT8-ART56.89,68,identical,17,"Arauna, Francisca|Arellano, Marco|Atria, Fernando|Barraza, Marcos|Bassa, Jaime|Carrillo, Alondra|Catrileo, Rosa|Flores, Alejandra|Hurtado, Maximiliano|Madriaga, Tania|Montero, Ricardo|Munoz, Pedro|Namor, Guillermo|Perez, Alejandra|Politzer, Patricia|Schonhaut, Constanza|Sepúlveda, Barbara",486,503
C1,C1-IND04-01-2-CHTX-TIT8-ART57.88,69,identical,17,"Arauna, Francisca|Arellano, Marco|Atria, Fernando|Barraza, Marcos|Bassa, Jaime|Carrillo, Alondra|Catrileo, Rosa|Flores, Alejandra|Hurtado, Maximiliano|Madriaga, Tania|Montero, Ricardo|Munoz, Pedro|Namor, Guillermo|Perez, Alejandra|Politzer, Patricia|Schonhaut, Constanza|Sepúlveda, Barbara",697,694
C1,C1-IND04-01-2-CHTX-TIT8-ART60.93,70,similar,17,"Arauna, Francisca|Arellano, Marco|Atria, Fernando|Barraza, Marcos|Bassa, Jaime|Carrillo, Alondra|Catrileo, Rosa|Flores, Alejandra|Hurtado, Maximiliano|Madriaga, Tania|Montero, Ricardo|Munoz, Pedro|Namor, Guillermo|Perez, Alejandra|Politzer, Patricia|Schonhaut, Constanza|Sepúlveda, Barbara",623,721
C3,C3-GEN-CH01-ART01,142,identical,14,"Alvarez, Julio|Alvez, Amaya|Ampuero, Adriana|Andrade, Cristobal|Giustinianovich, Elisa|Gomez, Claudio|Gomez, Yarela|Labbe, Bastian|Martinez, Helmuth|Mella, Jeniffer|Pustilnick, Tammy|Reyes, Maria Ramona|Uribe, Cesar|Velasquez, Hernan",358,346
C3,C3-GEN-CH01-ART02,143,similar,14,"Alvarez, Julio|Alvez, Amaya|Ampuero, Adriana|Andrade, Cristobal|Giustinianovich, Elisa|Gomez, Claudio|Gomez, Yarela|Labbe, Bastian|Martinez, Helmuth|Mella, Jeniffer|Pustilnick, Tammy|Reyes, Maria Ramona|Uribe, Cesar|Velasquez, Hernan",776,781
C3,C3-GEN-CH01-ART03,144,identical,16,"Aguilera, Tiare|Alvarez, Julio|Alvez, Amaya|Ampuero, Adriana|Andrade, Cristobal|Bacian, Wilfredo|Daza, Mauricio|Giustinianovich, Elisa|Gomez, Claudio|Gomez, Yarela|Labbe, Bastian|Mella, Jeniffer|Millabur, Adolfo|Pustilnick, Tammy|Reyes, Maria Ramona|Uribe, Cesar",247,228
C3,C3-GEN-CH01-ART04,145,similar,16,"Aguilera, Tiare|Alvarez, Julio|Alvez, Amaya|Ampuero, Adriana|Andrade, Cristobal|Bacian, Wilfredo|Daza, Mauricio|Giustinianovich, Elisa|Gomez, Claudio|Gomez, Yarela|Labbe, Bastian|Mella, Jeniffer|Millabur, Adolfo|Pustilnick, Tammy|Reyes, Maria Ramona|Uribe, Cesar",829,413
C3,C3-GEN-CH01-ART05,146,identical,16,"Aguilera, Tiare|Alvarez, Julio|Alvez, Amaya|Ampuero, Adriana|Andrade, Cristobal|Bacian, Wilfredo|Daza, Mauricio|Giustinianovich, Elisa|Gomez, Claudio|Gomez, Yarela|Labbe, Bastian|Mella, Jeniffer|Millabur, Adolfo|Pustilnick, Tammy|Reyes, Maria Ramona|Uribe, Cesar",465,414
C3,C3-GEN-CH01-ART06,147,identical,16,"Aguilera, Tiare|Alvarez, Julio|Alvez, Amaya|Ampuero, Adriana|Andrade, Cristobal|Bacian, Wilfredo|Daza, Mauricio|Giustinianovich, Elisa|Gomez, Claudio|Gomez, Yarela|Labbe, Bastian|Mella, Jeniffer|Millabur, Adolfo|Pustilnick, Tammy|Reyes, Maria Ramona|Uribe, Cesar",1078,988
C3,C3-GEN-CH01-ART07,148,identical,16,"Aguilera, Tiare|Alvarez, Julio|Alvez, Amaya|Ampuero, Adriana|Andrade, Cristobal|Bacian, Wilfredo|Daza, Mauricio|Giustinianovich, Elisa|Gomez, Claudio|Gomez, Yarela|Labbe, Bastian|Mella, Jeniffer|Millabur, Adolfo|Pustilnick, Tammy|Reyes, Maria Ramona|Uribe, Cesar",597,520
C3,C3-GEN-CH01-ART08,149,identical,16,"Aguilera, Tiare|Alvarez, Julio|Alvez, Amaya|Ampuero, Adriana|Andrade, Cristobal|Bacian, Wilfredo|Daza, Mauricio|Giustinianovich, Elisa|Gomez, Claudio|Gomez, Yarela|Labbe, Bastian|Mella, Jeniffer|Millabur, Adolfo|Pustilnick, Tammy|Reyes, Maria Ramona|Uribe, Cesar",575,544
C3,C3-GEN-CH01-ART09,150,identical,16,"Aguilera, Tiare|Alvarez, Julio|Alvez, Amaya|Ampuero, Adriana|Andrade, Cristobal|Bacian, Wilfredo|Daza, Mauricio|Giustinianovich, Elisa|Gomez, Claudio|Gomez, Yarela|Labbe, Bastian|Mella, Jeniffer|Millabur, Adolfo|Pustilnick, Tammy|Reyes, Maria Ramona|Uribe, Cesar",826,773
C3,C3-GEN-CH01-ART10,151,similar,16,"Aguilera, Tiare|Alvarez, Julio|Alvez, Amaya|Ampuero, Adriana|Andrade, Cristobal|Bacian, Wilfredo|Daza, Mauricio|Giustinianovich, Elisa|Gomez, Claudio|Gomez, Yarela|Labbe, Bastian|Mella, Jeniffer|Millabur, Adolfo|Pustilnick, Tammy|Reyes, Maria Ramona|Uribe, Cesar",813,757
C3,C3-GEN-CH01-ART11,152,identical,16,"Aguilera, Tiare|Alvarez, Julio|Alvez, Amaya|Ampuero, Adriana|Andrade, Cristobal|Bacian, Wilfredo|Daza, Mauricio|Giustinianovich, Elisa|Gomez, Claudio|Gomez, Yarela|Labbe, Bastian|Mella, Jeniffer|Millabur, Adolfo|Pustilnick, Tammy|Reyes, Maria Ramona|Uribe, Cesar",665,586
C3,C3-GEN-CH01-ART12,153,similar,16,"Abarca, Jorge|Alvarez, Julio|Baranda, Benito|Cruz, Andres|Daza, Mauricio|Fuchslocher, Javier|Gomez, Claudio|Hurtado, Maximiliano|Laibe, Tomas|Martinez, Helmuth|Munoz, Pedro|Namor, Guillermo|Pustilnick, Tammy|Reyes, Maria Ramona|Sepulveda, Carolina|Vargas, Mario",369,236
C3,C3-GEN-CH01-ART13,154,identical,16,"Abarca, Jorge|Alvarez, Julio|Baranda, Benito|Cruz, Andres|Daza, Mauricio|Fuchslocher, Javier|Gomez, Claudio|Hurtado, Maximiliano|Laibe, Tomas|Martinez, Helmuth|Munoz, Pedro|Namor, Guillermo|Pustilnick, Tammy|Reyes, Maria Ramona|Sepulveda, Carolina|Vargas, Mario",564,513
C3,C3-GEN-CH01-ART14,155,identical,16,"Abarca, Jorge|Alvarez, Julio|Baranda, Benito|Cruz, Andres|Daza, Mauricio|Fuchslocher, Javier|Gomez, Claudio|Hurtado, Maximiliano|Laibe, Tomas|Martinez, Helmuth|Munoz, Pedro|Namor, Guillermo|Pustilnick, Tammy|Reyes, Maria Ramona|Sepulveda, Carolina|Vargas, Mario",278,250
C3,C3-GEN-CH01-ART18,156,identical,8,"Barcelo, Luis|Botto, Miguel Angel|Castillo, Eduardo|Chahin, Fuad|Cruz, Andres|Harboe, Felipe|Logan, Rodrigo|Squella, Agustin",478,437
C3,C3-GEN-CH01-ART19,157,identical,8,"Barcelo, Luis|Botto, Miguel Angel|Castillo, Eduardo|Chahin, Fuad|Cruz, Andres|Harboe, Felipe|Logan, Rodrigo|Squella, Agustin",450,420
C3,C3-GEN-CH01-ART27,158,identical,16,"Aguilera, Tiare|Alvarez, Julio|Alvez, Amaya|Ampuero, Adriana|Andrade, Cristobal|Bacian, Wilfredo|Daza, Mauricio|Giustinianovich, Elisa|Gomez, Claudio|Gomez, Yarela|Labbe, Bastian|Mella, Jeniffer|Millabur, Adolfo|Pustilnick, Tammy|Reyes, Maria Ramona|Uribe, Cesar",473,445
C3,C3-GEN-CH01-ART28,159,identical,16,"Abarca, Jorge|Alvarez, Julio|Baranda, Benito|Cruz, Andres|Daza, Mauricio|Fuchslocher, Javier|Gomez, Claudio|Hurtado, Maximiliano|Laibe, Tomas|Martinez, Helmuth|Munoz, Pedro|Namor, Guillermo|Pustilnick, Tammy|Reyes, Maria Ramona|Sepulveda, Carolina|Vargas, Mario",195,175
C3,C3-GEN-CH01-ART29,160,identical,13,"Abarca, Damaris|Alvez, Amaya|Delgado, Aurora|Dorador, Cristina|Gomez, Yarela|Gutierrez, Hugo|Mella, Jeniffer|Oyarzun, Maria Jose|Sanchez, Beatriz|Serey, Mariela|Stingo, Daniel|Velasquez, Hernan|Viera, Christian",442,416
C3,C3-GEN-CH01-ART31,161,similar,16,"Alvarez, Julio|Baradit, Jorge|Cancino, Adriana|Castillo, Maria Trinidad|Cruz, Andres|Daza, Mauricio|Fuchslocher, Javier|Gomez, Claudio|Hurtado, Maximiliano|Martinez, Helmuth|Munoz, Pedro|Orellana, Matias|Pinto, Malucha|Pustilnick, Tammy|Reyes, Maria Ramona|Vargas, Mario",992,375
C3,C3-GEN-CH01-ART32,162,identical,14,"Aguilera, Tiare|Alvarez, Julio|Alvez, Amaya|Ampuero, Adriana|Andrade, Cristobal|Giustinianovich, Elisa|Gomez, Claudio|Gomez, Yarela|Labbe, Bastian|Mella, Jeniffer|Millabur, Adolfo|Pustilnick, Tammy|Reyes, Maria Ramona|Uribe, Cesar",161,130
C3,C3-GEN-CH01-ART33,163,similar,14,"Aguilera, Tiare|Alvarez, Julio|Alvez, Amaya|Ampuero, Adriana|Andrade, Cristobal|Giustinianovich, Elisa|Gomez, Claudio|Gomez, Yarela|Labbe, Bastian|Mella, Jeniffer|Millabur, Adolfo|Pustilnick, Tammy|Reyes, Maria Ramona|Uribe, Cesar",1467,1409
C3,C3-GEN-CH01-ART37,164,identical,8,"Arancibia, Jorge|Cretton, Eduardo|Jofre, Alvaro|Jurgensen, Harry|Mena, Felipe|Navarrete, Geoconda|Neumann, Ricardo|Rivera, Pollyana",578,537
C3,C3-GEN-CH01-ART39,165,similar,14,"Aguilera, Tiare|Alvarez, Julio|Alvez, Amaya|Ampuero, Adriana|Andrade, Cristobal|Giustinianovich, Elisa|Gomez, Claudio|Gomez, Yarela|Labbe, Bastian|Mella, Jeniffer|Millabur, Adolfo|Pustilnick, Tammy|Reyes, Maria Ramona|Uribe, Cesar",950,715
C3,C3-GEN-CH01-ART40,166,identical,14,"Aguilera, Tiare|Alvarez, Julio|Alvez, Amaya|Ampuero, Adriana|Andrade, Cristobal|Giustinianovich, Elisa|Gomez, Claudio|Gomez, Yarela|Labbe, Bastian|Mella, Jeniffer|Millabur, Adolfo|Pustilnick, Tammy|Reyes, Maria Ramona|Uribe, Cesar",744,709
C3,C3-GEN-CH01-ART45,167,similar,21,"Aguilera, Tiare|Alvarez, Julio|Alvez, Amaya|Ampuero, Adriana|Andrade, Cristobal|Arauna, Francisca|Bravo, Daniel|Caamano, Francisco|Giustinianovich, Elisa|Gomez, Claudio|Gomez, Yarela|Gonzalez, Dayana|Henriquez, Natalia|Labbe, Bastian|Mella, Jeniffer|Millabur, Adolfo|Pustilnick, Tammy|Reyes, Maria Ramona|Rivera, Maria Magdalena|Uribe, Cesar|Villena, Ingrid",3568,3067
C3,C3-GEN-CH01-ART56,169,similar,13,"Abarca, Damaris|Alvez, Amaya|Delgado, Aurora|Dorador, Cristina|Gomez, Yarela|Gutierrez, Hugo|Mella, Jeniffer|Oyarzun, Maria Jose|Sanchez, Beatriz|Serey, Mariela|Stingo, Daniel|Velasquez, Hernan|Viera, Christian",1208,1180
C3,C3-GEN-CH01-ART57,170,similar,13,"Abarca, Damaris|Alvez, Amaya|Delgado, Aurora|Dorador, Cristina|Gomez, Yarela|Gutierrez, Hugo|Mella, Jeniffer|Oyarzun, Maria Jose|Sanchez, Beatriz|Serey, Mariela|Stingo, Daniel|Velasquez, Hernan|Viera, Christian",1182,422
C3,C3-GEN-CH01-ART67,171,identical,16,"Alvarez, Julio|Baradit, Jorge|Cancino, Adriana|Castillo, Maria Trinidad|Cruz, Andres|Daza, Mauricio|Fuchslocher, Javier|Gomez, Claudio|Hurtado, Maximiliano|Martinez, Helmuth|Munoz, Pedro|Orellana, Matias|Pinto, Malucha|Pustilnick, Tammy|Reyes, Maria Ramona|Vargas, Mario",1830,1725
C3,C3-GEN-CH01-ART70,172,similar,16,"Alvarez, Julio|Baradit, Jorge|Cancino, Adriana|Castillo, Maria Trinidad|Cruz, Andres|Daza, Mauricio|Fuchslocher, Javier|Gomez, Claudio|Hurtado, Maximiliano|Martinez, Helmuth|Munoz, Pedro|Orellana, Matias|Pinto, Malucha|Pustilnick, Tammy|Reyes, Maria Ramona|Vargas, Mario",3638,2552
C3,C3-GEN2-CH01-ART02,198,identical,11,"Abarca, Jorge|Alvez, Amaya|Atria, Fernando|Calvo, Carlos|Cancino, Adriana|Castillo, Maria Trinidad|Laibe, Tomas|Martin, Juan Jose|Oyarzun, Maria Jose|Sepulveda, Carolina|Viera, Christian",838,812
C3,C3-GEN2-CH01-ART05,199,identical,16,"Alvarez, Rodrigo|Arancibia, Jorge|Bown, Carol|Celis, Raul|Cozzi, Ruggero|Hurtado, Ruth|Jofre, Alvaro|Jurgensen, Harry|Mena, Felipe|Monckeberg, Cristian|Navarrete, Geoconda|Ossandon, Manuel|Rivera, Pollyana|Tepper, Maria Angelica|Vega, Roberto|Veloso, Paulina",605,574
C3,C3-GEN2-CH01-ART15,200,identical,16,"Alvarez, Rodrigo|Arancibia, Jorge|Bown, Carol|Celis, Raul|Cozzi, Ruggero|Hurtado, Ruth|Jofre, Alvaro|Jurgensen, Harry|Mena, Felipe|Monckeberg, Cristian|Navarrete, Geoconda|Ossandon, Manuel|Rivera, Pollyana|Tepper, Maria Angelica|Vega, Roberto|Veloso, Paulina",370,347
C3,C3-IND04-06-CH01-ART15bis,201,similar,20,"Aguilera, Tiare|Alvarez, Julio|Alvez, Amaya|Ampuero, Adriana|Andrade, Cristobal|Bacian, Wilfredo|Castillo, Eduardo|Castillo, Maria Trinidad|Chinga, Eric|Giustinianovich, Elisa|Gomez, Claudio|Gomez, Yarela|Martinez, Helmuth|Mella, Jeniffer|Millabur, Adolfo|Pustilnick, Tammy|Quinteros, Maria Elisa|Reyes, Maria Ramona|Uribe, Cesar|Velasquez, Hernan",195,157
C3,C3-GEN2-CH01-ART23,206,identical,16,"Abarca, Jorge|Aguilera, Tiare|Alvez, Amaya|Ampuero, Adriana|Atria, Fernando|Chinga, Eric|Giustinianovich, Elisa|Gomez, Claudio|Gomez, Yarela|Jimenez, Luis|Mella, Jeniffer|Millabur, Adolfo|Quinteros, Maria Elisa|Royo, Manuela|Uribe, Cesar|Velasquez, Hernan",398,364
C3,C3-GEN2-CH01-ART26,216,identical,16,"Abarca, Jorge|Aguilera, Tiare|Alvez, Amaya|Ampuero, Adriana|Atria, Fernando|Chinga, Eric|Giustinianovich, Elisa|Gomez, Claudio|Gomez, Yarela|Jimenez, Luis|Mella, Jeniffer|Millabur, Adolfo|Quinteros, Maria Elisa|Royo, Manuela|Uribe, Cesar|Velasquez, Hernan",528,498
C3,C3-GEN2-CH01-ART33,210,identical,16,"Abarca, Jorge|Aguilera, Tiare|Alvez, Amaya|Ampuero, Adriana|Atria, Fernando|Chinga, Eric|Giustinianovich, Elisa|Gomez, Claudio|Gomez, Yarela|Jimenez, Luis|Mella, Jeniffer|Millabur, Adolfo|Quinteros, Maria Elisa|Royo, Manuela|Uribe, Cesar|Velasquez, Hernan",455,391
C3,C3-GEN2-CH01-ART36,202,identical,16,"Abarca, Jorge|Aguilera, Tiare|Alvez, Amaya|Ampuero, Adriana|Atria, Fernando|Chinga, Eric|Giustinianovich, Elisa|Gomez, Claudio|Gomez, Yarela|Jimenez, Luis|Mella, Jeniffer|Millabur, Adolfo|Quinteros, Maria Elisa|Royo, Manuela|Uribe, Cesar|Velasquez, Hernan",209,173
C3,C3-GEN2-CH01-ART37,203,identical,12,"Alvarez, Julio|Ampuero, Adriana|Andrade, Cristobal|Caamano, Francisco|Gomez, Claudio|Gomez, Yarela|Henriquez, Natalia|Martinez, Helmuth|Mella, Jeniffer|Pustilnick, Tammy|Reyes, Maria Ramona|Uribe, Cesar",437,377
C3,C3-GEN2-CH01-ART38,204,similar,12,"Alvarez, Julio|Ampuero, Adriana|Andrade, Cristobal|Caamano, Francisco|Gomez, Claudio|Gomez, Yarela|Henriquez, Natalia|Martinez, Helmuth|Mella, Jeniffer|Pustilnick, Tammy|Reyes, Maria Ramona|Uribe, Cesar",737,576
C3,C3-GEN2-CH01-ART39,205,similar,12,"Alvarez, Julio|Ampuero, Adriana|Andrade, Cristobal|Caamano, Francisco|Gomez, Claudio|Gomez, Yarela|Henriquez, Natalia|Martinez, Helmuth|Mella, Jeniffer|Pustilnick, Tammy|Reyes, Maria Ramona|Uribe, Cesar",1026,255
C3,C3-GEN2-CH01-ART40,207,similar,12,"Alvarez, Julio|Ampuero, Adriana|Andrade, Cristobal|Caamano, Francisco|Gomez, Claudio|Gomez, Yarela|Henriquez, Natalia|Martinez, Helmuth|Mella, Jeniffer|Pustilnick, Tammy|Reyes, Maria Ramona|Uribe, Cesar",1092,678
C3,C3-GEN2-CH01-ART41,208,similar,12,"Alvarez, Julio|Ampuero, Adriana|Andrade, Cristobal|Caamano, Francisco|Gomez, Claudio|Gomez, Yarela|Henriquez, Natalia|Martinez, Helmuth|Mella, Jeniffer|Pustilnick, Tammy|Reyes, Maria Ramona|Uribe, Cesar",727,433
C3,C3-GEN2-CH01-ART42,209,identical,12,"Alvarez, Julio|Ampuero, Adriana|Andrade, Cristobal|Caamano, Francisco|Gomez, Claudio|Gomez, Yarela|Henriquez, Natalia|Martinez, Helmuth|Mella, Jeniffer|Pustilnick, Tammy|Reyes, Maria Ramona|Uribe, Cesar",817,799
C3,C3-GEN2-CH01-ART43,211,identical,12,"Alvarez, Julio|Ampuero, Adriana|Andrade, Cristobal|Caamano, Francisco|Gomez, Claudio|Gomez, Yarela|Henriquez, Natalia|Martinez, Helmuth|Mella, Jeniffer|Pustilnick, Tammy|Reyes, Maria Ramona|Uribe, Cesar",764,726
C3,C3-IND04-26-CH01-ART16bis,212,identical,20,"Aguilera, Tiare|Alvarez, Julio|Alvez, Amaya|Ampuero, Adriana|Andrade, Cristobal|Bacian, Wilfredo|Castillo, Eduardo|Castillo, Maria Trinidad|Chinga, Eric|Giustinianovich, Elisa|Gomez, Claudio|Gomez, Yarela|Martinez, Helmuth|Mella, Jeniffer|Millabur, Adolfo|Pustilnick, Tammy|Quinteros, Maria Elisa|Reyes, Maria Ramona|Uribe, Cesar|Velasquez, Hernan",273,271
C3,C3-GEN2-CH01-ART44,213,identical,12,"Alvarez, Julio|Ampuero, Adriana|Andrade, Cristobal|Caamano, Francisco|Gomez, Claudio|Gomez, Yarela|Henriquez, Natalia|Martinez, Helmuth|Mella, Jeniffer|Pustilnick, Tammy|Reyes, Maria Ramona|Uribe, Cesar",662,631
C3,C3-GEN2-CH01-ART45,214,identical,12,"Alvarez, Julio|Ampuero, Adriana|Andrade, Cristobal|Caamano, Francisco|Gomez, Claudio|Gomez, Yarela|Henriquez, Natalia|Martinez, Helmuth|Mella, Jeniffer|Pustilnick, Tammy|Reyes, Maria Ramona|Uribe, Cesar",568,542
C3,C3-GEN2-CH01-ART46,215,identical,12,"Alvarez, Julio|Ampuero, Adriana|Andrade, Cristobal|Caamano, Francisco|Gomez, Claudio|Gomez, Yarela|Henriquez, Natalia|Martinez, Helmuth|Mella, Jeniffer|Pustilnick, Tammy|Reyes, Maria Ramona|Uribe, Cesar",283,260
C3,C3-GEN2-CH01-ART51,217,identical,16,"Aguilera, Tiare|Alvarez, Julio|Alvez, Amaya|Ampuero, Adriana|Andrade, Cristobal|Giustinianovich, Elisa|Gomez, Claudio|Gomez, Yarela|Martinez, Helmuth|Mella, Jeniffer|Millabur, Adolfo|Pustilnick, Tammy|Quinteros, Maria Elisa|Reyes, Maria Ramona|Uribe, Cesar|Velasquez, Hernan",330,269
C3,C3-GEN2-CH01-ART58,218,identical,16,"Aguilera, Tiare|Alvarez, Julio|Alvez, Amaya|Ampuero, Adriana|Andrade, Cristobal|Giustinianovich, Elisa|Gomez, Claudio|Gomez, Yarela|Martinez, Helmuth|Mella, Jeniffer|Millabur, Adolfo|Pustilnick, Tammy|Quinteros, Maria Elisa|Reyes, Maria Ramona|Uribe, Cesar|Velasquez, Hernan",443,403
C3,C3-GEN2-CH01-ART59,220,identical,16,"Aguilera, Tiare|Alvarez, Julio|Alvez, Amaya|Ampuero, Adriana|Andrade, Cristobal|Giustinianovich, Elisa|Gomez, Claudio|Gomez, Yarela|Martinez, Helmuth|Mella, Jeniffer|Millabur, Adolfo|Pustilnick, Tammy|Quinteros, Maria Elisa|Reyes, Maria Ramona|Uribe, Cesar|Velasquez, Hernan",849,816
C3,C3-IND04-06-CH01-ART59BIS,221,identical,18,"Aguilera, Tiare|Alvarez, Julio|Alvez, Amaya|Ampuero, Adriana|Andrade, Cristobal|Bacian, Wilfredo|Chinga, Eric|Giustinianovich, Elisa|Gomez, Claudio|Gomez, Yarela|Martinez, Helmuth|Mella, Jeniffer|Millabur, Adolfo|Pustilnick, Tammy|Quinteros, Maria Elisa|Reyes, Maria Ramona|Uribe, Cesar|Velasquez, Hernan",551,518
C3,C3-GEN2-CH01-ART60,222,similar,16,"Aguilera, Tiare|Alvarez, Julio|Alvez, Amaya|Ampuero, Adriana|Andrade, Cristobal|Giustinianovich, Elisa|Gomez, Claudio|Gomez, Yarela|Martinez, Helmuth|Mella, Jeniffer|Millabur, Adolfo|Pustilnick, Tammy|Quinteros, Maria Elisa|Reyes, Maria Ramona|Uribe, Cesar|Velasquez, Hernan",2238,1541
C3,C3-GEN2-CH01-ART63,223,identical,16,"Aguilera, Tiare|Alvarez, Julio|Alvez, Amaya|Ampuero, Adriana|Andrade, Cristobal|Giustinianovich, Elisa|Gomez, Claudio|Gomez, Yarela|Martinez, Helmuth|Mella, Jeniffer|Millabur, Adolfo|Pustilnick, Tammy|Quinteros, Maria Elisa|Reyes, Maria Ramona|Uribe, Cesar|Velasquez, Hernan",667,628
C3,C3-IND04-06-CH01-ART63B,224,identical,22,"Aguilera, Tiare|Alvarez, Julio|Alvez, Amaya|Ampuero, Adriana|Andrade, Cristobal|Bacian, Wilfredo|Castillo, Eduardo|Chinga, Eric|Giustinianovich, Elisa|Gomez, Claudio|Gomez, Yarela|Jofre, Alvaro|Martinez, Helmuth|Mella, Jeniffer|Mena, Felipe|Millabur, Adolfo|Navarrete, Geoconda|Pustilnick, Tammy|Quinteros, Maria Elisa|Reyes, Maria Ramona|Uribe, Cesar|Velasquez, Hernan",465,463
C3,C3-GEN2-CH01-ART64,219,similar,12,"Alvarez, Rodrigo|Castro, Claudia|Cretton, Eduardo|Cubillos, Marcela|Hube, Constanza|Mena, Felipe|Montealegre, Katerine|Moreno, Alfredo|Neumann, Ricardo|Ossandon, Manuel|Toloza, Pablo|Zuniga, Luis Arturo",967,382
C3,C3-GEN2-CH01-ART75,225,identical,14,"Alvarez, Julio|Alvez, Amaya|Ampuero, Adriana|Andrade, Cristobal|Giustinianovich, Elisa|Gomez, Claudio|Gomez, Yarela|Labbe, Bastian|Martinez, Helmuth|Mella, Jeniffer|Pustilnick, Tammy|Reyes, Maria Ramona|Uribe, Cesar|Velasquez, Hernan",281,278
C3,C3-GEN2-CH01-ART81,226,identical,14,"Alvarez, Julio|Alvez, Amaya|Ampuero, Adriana|Andrade, Cristobal|Giustinianovich, Elisa|Gomez, Claudio|Gomez, Yarela|Labbe, Bastian|Martinez, Helmuth|Mella, Jeniffer|Pustilnick, Tammy|Reyes, Maria Ramona|Uribe, Cesar|Velasquez, Hernan",214,213
C3,C3-GEN2-CH01-ART83,227,identical,14,"Alvarez, Julio|Alvez, Amaya|Ampuero, Adriana|Andrade, Cristobal|Giustinianovich, Elisa|Gomez, Claudio|Gomez, Yarela|Labbe, Bastian|Martinez, Helmuth|Mella, Jeniffer|Pustilnick, Tammy|Reyes, Maria Ramona|Uribe, Cesar|Velasquez, Hernan",158,158
C3,C3-GEN2-CH01-ART84,228,similar,14,"Alvarez, Julio|Alvez, Amaya|Ampuero, Adriana|Andrade, Cristobal|Giustinianovich, Elisa|Gomez, Claudio|Gomez, Yarela|Labbe, Bastian|Martinez, Helmuth|Mella, Jeniffer|Pustilnick, Tammy|Reyes, Maria Ramona|Uribe, Cesar|Velasquez, Hernan",181,62
C3,C3-GEN2-CH01-ART88,229,identical,14,"Alvarez, Julio|Alvez, Amaya|Ampuero, Adriana|Andrade, Cristobal|Giustinianovich, Elisa|Gomez, Claudio|Gomez, Yarela|Labbe, Bastian|Martinez, Helmuth|Mella, Jeniffer|Pustilnick, Tammy|Reyes, Maria Ramona|Uribe, Cesar|Velasquez, Hernan",175,174
C3,C3-GEN2-CH01-ART113,230,similar,15,"Aguilera, Tiare|Alvarez, Julio|Alvez, Amaya|Ampuero, Adriana|Andrade, Cristobal|Caamano, Francisco|Dominguez, Gaspar|Giustinianovich, Elisa|Gomez, Yarela|Henriquez, Natalia|Mella, Jeniffer|Millabur, Adolfo|Pustilnick, Tammy|Reyes, Maria Ramona|Uribe, Cesar",418,268
C3,C3-GEN2-CH01-ART116,231,similar,10,"Andrade, Cristobal|Arauna, Francisca|Caamano, Francisco|Gomez, Claudio|Grandon, Paola|Henriquez, Natalia|Nunez, Nicolas|Uribe, Cesar|Vallejos, Loreto|Villena, Ingrid",425,205
C3,C3-GEN2-CH01-ART126,232,similar,8,"Gallardo, Bessy|Godoy, Isabel|Gutierrez, Hugo|Portilla, Ericka|Royo, Manuela|Velasquez, Hernan|Videla, Carolina|Woldarsky, Manuel",1010,166
C3,C3-IND04-06-CH01-ART126BIS,233,identical,1,"Giustinianovich, Elisa",419,416
C3,C3-GEN2-CH01-ART131,234,identical,8,"Gallardo, Bessy|Godoy, Isabel|Gutierrez, Hugo|Portilla, Ericka|Royo, Manuela|Velasquez, Hernan|Videla, Carolina|Woldarsky, Manuel",530,474
C3,C3-GEN2-CH01-ART135,235,identical,17,"Aguilera, Tiare|Alvarez, Julio|Alvez, Amaya|Ampuero, Adriana|Andrade, Cristobal|Caamano, Francisco|Giustinianovich, Elisa|Gomez, Claudio|Gomez, Yarela|Martinez, Helmuth|Mella, Jeniffer|Millabur, Adolfo|Pustilnick, Tammy|Quinteros, Maria Elisa|Reyes, Maria Ramona|Uribe, Cesar|Velasquez, Hernan",960,925
C3,C3-GEN2-CH01-ART136,235,similar,17,"Aguilera, Tiare|Alvarez, Julio|Alvez, Amaya|Ampuero, Adriana|Andrade, Cristobal|Caamano, Francisco|Giustinianovich, Elisa|Gomez, Claudio|Gomez, Yarela|Martinez, Helmuth|Mella, Jeniffer|Millabur, Adolfo|Pustilnick, Tammy|Quinteros, Maria Elisa|Reyes, Maria Ramona|Uribe, Cesar|Velasquez, Hernan",589,925
C3,C3-GEN2-CH01-ART141,236,identical,9,"Arrau, Martin|Bown, Carol|Cantuarias, Rocio|Cretton, Eduardo|Hurtado, Ruth|Jurgensen, Harry|Letelier, Margarita|Marinovic, Teresa|Ubilla, Maria Cecilia",361,305
C3,C3-GEN2-CH01-ART142,237,identical,9,"Arrau, Martin|Bown, Carol|Cantuarias, Rocio|Cretton, Eduardo|Hurtado, Ruth|Jurgensen, Harry|Letelier, Margarita|Marinovic, Teresa|Ubilla, Maria Cecilia",758,751
C5,C5-GEN-CH01-ART01,296,identical,16,"Alvarado, Gloria|Arauna, Francisca|Caamano, Francisco|Giustinianovich, Elisa|Godoy, Isabel|Gonzalez, Dayana|Hoppe, Vanessa|Labbe, Bastian|Olivares, Ivanna|Royo, Manuela|Saldana, Alvin|San Juan, Constanza|Sepulveda, Carolina|Vilches, Carolina|Villena, Ingrid|Zarate, Camila",363,330
C5,C5-IND04-09-2-CH01-ART12A,299,identical,1,"Vilches, Carolina",482,464
C5,C5-IND04-09-2-CH01-ART12B,300,identical,1,"Vilches, Carolina",470,452
C5,C5-IND04-09-2-CH01-ART12C,301,identical,1,"Vilches, Carolina",207,190
C5,C5-IND04-09-2-CH01-ART12D,302,identical,1,"Vilches, Carolina",453,436
C5,C5-GEN-CH10-ART25,304,identical,15,"Alvarado, Gloria|Andrade, Cristobal|Arauna, Francisca|Arellano, Marco|Caamano, Francisco|Dominguez, Gaspar|Flores, Alejandra|Hoppe, Vanessa|Olivares, Ivanna|Quinteros, Maria Elisa|Royo, Manuela|Salinas, Fernando|Uribe, Cesar|Villena, Ingrid|Zarate, Camila",148,120
C5,C5-GEN-CH15-ART42,297,identical,0,,419,382
C5,C5-GEN-CH18-ART47,298,identical,0,,137,136
C5,C5-GEN-CH22-ART60,305,similar,16,"Abarca, Jorge|Ampuero, Adriana|Andrade, Cristobal|Arauna, Francisca|Caamano, Francisco|Gallardo, Bessy|Gonzalez, Dayana|Grandon, Paola|Hoppe, Vanessa|Martin, Juan Jose|Olivares, Ivanna|Royo, Manuela|San Juan, Constanza|Sepulveda, Carolina|Villena, Ingrid|Zarate, Camila",118,255
C5,C5-GEN-CH34-ART73,307,identical,16,"Alvarado, Gloria|Andrade, Cristobal|Arauna, Francisca|Caamano, Francisco|Giustinianovich, Elisa|Godoy, Isabel|Gonzalez, Dayana|Hoppe, Vanessa|Labbe, Bastian|Olivares, Ivanna|Saldana, Alvin|Salinas, Fernando|San Juan, Constanza|Uribe, Cesar|Vilches, Carolina|Zarate, Camila",258,233
C5,C5-GEN-CH54-ART93,308,identical,16,"Alvarado, Gloria|Andrade, Cristobal|Arauna, Francisca|Caamano, Francisco|Giustinianovich, Elisa|Godoy, Isabel|Gonzalez, Dayana|Labbe, Bastian|Olivares, Ivanna|Saldana, Alvin|Salinas, Fernando|San Juan, Constanza|Uribe, Cesar|Vilches, Carolina|Villena, Ingrid|Zarate, Camila",398,372
C5,C5-GEN2-CH1-ART2,310,identical,83,"Abarca, Jorge|Aguilera, Tiare|Alvarado, Gloria|Alvez, Amaya|Ampuero, Adriana|Andrade, Cristobal|Antilef, Victorino|Arancibia, Jorge|Arauna, Francisca|Arellano, Marco|Arrau, Martin|Atria, Fernando|Bacian, Wilfredo|Baradit, Jorge|Baranda, Benito|Bravo, Daniel|Caamano, Francisco|Caiguan, Alexis|Cancino, Adriana|Carrillo, Alondra|Castillo, Maria Trinidad|Catrileo, Rosa|Celis, Raul|Cespedes, Lorena|Chinga, Eric|Delgado, Aurora|Dominguez, Gaspar|Dorador, Cristina|Flores, Alejandra|Gallardo, Bessy|Galleguillos, Felix|Giustinianovich, Elisa|Godoy, Isabel|Gomez, Claudio|Gomez, Yarela|Gonzalez, Dayana|Grandon, Giovanna|Gutierrez, Hugo|Hoppe, Vanessa|Jimenez, Luis|Labbe, Bastian|Labrana, Elsa|Llanquileo, Natividad|Loncon, Elisa|Madriaga, Tania|Mamani, Isabella|Martin, Juan Jose|Mella, Jeniffer|Meneses, Janis|Millabur, Adolfo|Miranda, Valentina|Namor, Guillermo|Nunez, Nicolas|Olivares, Ivanna|Oyarzun, Maria Jose|Perez, Alejandra|Pinto, Malucha|Portilla, Ericka|Quinteros, Maria Elisa|Rivera, Maria Magdalena|Roa, Giovanna|Royo, Manuela|Saldana, Alvin|Salinas, Fernando|San Juan, Constanza|Sanchez, Beatriz|Schonhaut, Constanza|Sepulveda, Barbara|Sepulveda, Carolina|Serey, Mariela|Silva, Luciano|Stingo, Daniel|Tirado, Fernando|Ubilla, Maria Cecilia|Uribe, Cesar|Vallejos, Loreto|Vargas, Margarita|Veloso, Paulina|Vergara, Lisette|Videla, Carolina|Vilches, Carolina|Woldarsky, Manuel|Zarate, Camila",288,286
C5,C5-GEN2-CH1-ART3,311,identical,83,"Abarca, Jorge|Aguilera, Tiare|Alvarado, Gloria|Alvez, Amaya|Ampuero, Adriana|Andrade, Cristobal|Antilef, Victorino|Arancibia, Jorge|Arauna, Francisca|Arellano, Marco|Arrau, Martin|Atria, Fernando|Bacian, Wilfredo|Baradit, Jorge|Baranda, Benito|Bravo, Daniel|Caamano, Francisco|Caiguan, Alexis|Cancino, Adriana|Carrillo, Alondra|Castillo, Maria Trinidad|Catrileo, Rosa|Celis, Raul|Cespedes, Lorena|Chinga, Eric|Delgado, Aurora|Dominguez, Gaspar|Dorador, Cristina|Flores, Alejandra|Gallardo, Bessy|Galleguillos, Felix|Giustinianovich, Elisa|Godoy, Isabel|Gomez, Claudio|Gomez, Yarela|Gonzalez, Dayana|Grandon, Giovanna|Gutierrez, Hugo|Hoppe, Vanessa|Jimenez, Luis|Labbe, Bastian|Labrana, Elsa|Llanquileo, Natividad|Loncon, Elisa|Madriaga, Tania|Mamani, Isabella|Martin, Juan Jose|Mella, Jeniffer|Meneses, Janis|Millabur, Adolfo|Miranda, Valentina|Namor, Guillermo|Nunez, Nicolas|Olivares, Ivanna|Oyarzun, Maria Jose|Perez, Alejandra|Pinto, Malucha|Portilla, Ericka|Quinteros, Maria Elisa|Rivera, Maria Magdalena|Roa, Giovanna|Royo, Manuela|Saldana, Alvin|Salinas, Fernando|San Juan, Constanza|Sanchez, Beatriz|Schonhaut, Constanza|Sepulveda, Barbara|Sepulveda, Carolina|Serey, Mariela|Silva, Luciano|Stingo, Daniel|Tirado, Fernando|Ubilla, Maria Cecilia|Uribe, Cesar|Vallejos, Loreto|Vargas, Margarita|Veloso, Paulina|Vergara, Lisette|Videla, Carolina|Vilches, Carolina|Woldarsky, Manuel|Zarate, Camila",919,910
C5,C5-GEN2-CH1-ART4,312,identical,83,"Abarca, Jorge|Aguilera, Tiare|Alvarado, Gloria|Alvez, Amaya|Ampuero, Adriana|Andrade, Cristobal|Antilef, Victorino|Arancibia, Jorge|Arauna, Francisca|Arellano, Marco|Arrau, Martin|Atria, Fernando|Bacian, Wilfredo|Baradit, Jorge|Baranda, Benito|Bravo, Daniel|Caamano, Francisco|Caiguan, Alexis|Cancino, Adriana|Carrillo, Alondra|Castillo, Maria Trinidad|Catrileo, Rosa|Celis, Raul|Cespedes, Lorena|Chinga, Eric|Delgado, Aurora|Dominguez, Gaspar|Dorador, Cristina|Flores, Alejandra|Gallardo, Bessy|Galleguillos, Felix|Giustinianovich, Elisa|Godoy, Isabel|Gomez, Claudio|Gomez, Yarela|Gonzalez, Dayana|Grandon, Giovanna|Gutierrez, Hugo|Hoppe, Vanessa|Jimenez, Luis|Labbe, Bastian|Labrana, Elsa|Llanquileo, Natividad|Loncon, Elisa|Madriaga, Tania|Mamani, Isabella|Martin, Juan Jose|Mella, Jeniffer|Meneses, Janis|Millabur, Adolfo|Miranda, Valentina|Namor, Guillermo|Nunez, Nicolas|Olivares, Ivanna|Oyarzun, Maria Jose|Perez, Alejandra|Pinto, Malucha|Portilla, Ericka|Quinteros, Maria Elisa|Rivera, Maria Magdalena|Roa, Giovanna|Royo, Manuela|Saldana, Alvin|Salinas, Fernando|San Juan, Constanza|Sanchez, Beatriz|Schonhaut, Constanza|Sepulveda, Barbara|Sepulveda, Carolina|Serey, Mariela|Silva, Luciano|Stingo, Daniel|Tirado, Fernando|Ubilla, Maria Cecilia|Uribe, Cesar|Vallejos, Loreto|Vargas, Margarita|Veloso, Paulina|Vergara, Lisette|Videla, Carolina|Vilches, Carolina|Woldarsky, Manuel|Zarate, Camila",281,279
C5,C5-GEN2-CH1-ART6,313,similar,8,"Alvarez, Julio|Castillo, Maria Trinidad|Cruz, Andres|Gomez, Claudio|Hurtado, Maximiliano|Laibe, Tomas|Munoz, Pedro|Vargas, Mario",315,171
C5,C5-IND05-04-CH1-ARTNUEVO,317,similar,1,"Vilches, Carolina",243,242
C5,C5-GEN2-CH1-ART49,318,identical,11,"Abarca, Jorge|Alvarado, Gloria|Arauna, Francisca|Giustinianovich, Elisa|Hoppe, Vanessa|Labbe, Bastian|Olivares, Ivanna|Royo, Manuela|San Juan, Constanza|Vilches, Carolina|Zarate, Camila",206,161
C5,C5-GEN2-CH1-ART50,319,identical,16,"Alvarez, Rodrigo|Arrau, Martin|Bown, Carol|Cantuarias, Rocio|Castro, Claudia|Cretton, Eduardo|Cubillos, Marcela|Hube, Constanza|Hurtado, Ruth|Jurgensen, Harry|Letelier, Margarita|Marinovic, Teresa|Mena, Felipe|Montealegre, Katerine|Ubilla, Maria Cecilia|Zuniga, Luis Arturo",404,377
C5,C5-IND04-09-CH1-ARTN1,319,similar,1,"Olivares, Ivanna",699,377
C5,C5-GEN2-CH1-ART97,321,identical,0,,269,267
C5,C5-GEN2-CH1-ART152,316,similar,12,"Baranda, Benito|Cespedes, Lorena|Daza, Mauricio|Fuchslocher, Javier|Hoppe, Vanessa|Logan, Rodrigo|Martinez, Helmuth|Namor, Guillermo|Politzer, Patricia|Pustilnick, Tammy|Royo, Manuela|Valenzuela, Paulina",452,430
C5,C5-GEN2-CH1-ART186,323,similar,15,"Achurra, Ignacio|Alvarado, Gloria|Caamano, Francisco|Flores, Alejandra|Godoy, Isabel|Gomez, Yarela|Gutierrez, Hugo|Hoppe, Vanessa|Jimenez, Luis|Nunez, Nicolas|Olivares, Ivanna|Royo, Manuela|San Juan, Constanza|Vilches, Carolina|Zarate, Camila",582,571
C5,C5-GEN2-CH1-ART198,324,identical,9,"Castillo, Maria Trinidad|Dorador, Cristina|Gonzalez, Dayana|Labrana, Elsa|Olivares, Ivanna|Portilla, Ericka|Royo, Manuela|Salinas, Fernando|Zarate, Camila",526,523
C5,C5-GEN2-CH1-ART199,325,identical,9,"Castillo, Maria Trinidad|Dorador, Cristina|Gonzalez, Dayana|Labrana, Elsa|Olivares, Ivanna|Portilla, Ericka|Royo, Manuela|Salinas, Fernando|Zarate, Camila",288,287
C5,C5-GEN2-CH1-ART200,326,similar,9,"Castillo, Maria Trinidad|Dorador, Cristina|Gonzalez, Dayana|Labrana, Elsa|Olivares, Ivanna|Portilla, Ericka|Royo, Manuela|Salinas, Fernando|Zarate, Camila",188,175
C5,C5-GEN2-CH1-ART201,328,similar,12,"Barraza, Marcos|Chinga, Eric|Gallardo, Bessy|Godoy, Isabel|Gutierrez, Hugo|Miranda, Valentina|Nunez, Nicolas|Portilla, Ericka|Sepulveda, Barbara|Tirado, Fernando|Vargas, Margarita|Videla, Carolina",436,536
C5,C5-GEN2-CH1-ART233,330,similar,15,"Abarca, Jorge|Alvarado, Gloria|Caamano, Francisco|Dorador, Cristina|Flores, Alejandra|Gallardo, Bessy|Giustinianovich, Elisa|Hoppe, Vanessa|Labbe, Bastian|Meneses, Janis|Quinteros, Maria Elisa|Royo, Manuela|Saldana, Alvin|San Juan, Constanza|Vilches, Carolina",339,239
C5,C5-GEN2-CH1-ART236,331,identical,9,"Abarca, Jorge|Bacian, Wilfredo|Daza, Mauricio|Gutierrez, Hugo|Hoppe, Vanessa|Royo, Manuela|Sepulveda, Carolina|Valenzuela, Paulina|Zarate, Camila",641,634
C5,C5-GEN2-CH1-ART238,332,identical,12,"Alvarado, Gloria|Caamano, Francisco|Carrillo, Alondra|Godoy, Isabel|Gonzalez, Dayana|Labra, Patricia|Labrana, Elsa|Perez, Alejandra|Rivera, Maria Magdalena|Royo, Manuela|San Juan, Constanza|Zarate, Camila",468,462
C5,C5-GEN2-CH1-ART247,334,identical,10,"Baradit, Jorge|Barraza, Marcos|Gallardo, Bessy|Godoy, Isabel|Grandon, Paola|Nunez, Nicolas|Pinto, Malucha|Portilla, Ericka|Sepulveda, Barbara|Videla, Carolina",63,62
C5,C5-GEN2-CH1-ART343,335,identical,11,"Alvarez, Rodrigo|Fontaine, Bernardo|Hurtado, Ruth|Jurgensen, Harry|Mena, Felipe|Montealegre, Katerine|Neumann, Ricardo|Toloza, Pablo|Ubilla, Maria Cecilia|Vega, Roberto|Zuniga, Luis Arturo",125,123
C5,C5-GEN2-CH1-ART344,336,identical,16,"Abarca, Damaris|Barraza, Marcos|Bassa, Jaime|Caamano, Francisco|Celedon, Roberto|Gallardo, Bessy|Godoy, Isabel|Gutierrez, Hugo|Miranda, Valentina|Nunez, Nicolas|Pinto, Malucha|Sepulveda, Barbara|Velasquez, Hernan|Videla, Carolina|Vilches, Carolina|Villena, Ingrid",54,53
C5,C5-GEN2-CH1-ART345,337,identical,13,"Abarca, Damaris|Barraza, Marcos|Caamano, Francisco|Gallardo, Bessy|Godoy, Isabel|Gutierrez, Hugo|Mella, Jeniffer|Miranda, Valentina|Nunez, Nicolas|Sepulveda, Barbara|Videla, Carolina|Vilches, Carolina|Villena, Ingrid",116,115
C5,C5-GEN2-CH1-ART347,338,similar,14,"Alvarado, Gloria|Ampuero, Adriana|Arauna, Francisca|Caamano, Francisco|Gomez, Claudio|Henriquez, Natalia|Hoppe, Vanessa|Olivares, Ivanna|Pinto, Malucha|Royo, Manuela|San Juan, Constanza|Vallejos, Loreto|Villena, Ingrid|Zarate, Camila",220,207
