nombre,genero_bcn,genero_wiki,fecha_nacimiento_bcn,fecha_nacimiento_wiki,afiliacion_politica_bcn,afiliacion_politica_wiki,lista_electoral_bcn,lista_electoral_wiki,distrito_bcn,distrito_wiki,profesion_bcn,profesion_wiki,es_abogado_bcn,es_abogado_wiki,grado_academico_nivel_bcn,grado_academico_nivel_wiki,experiencia_previa_institucional_bcn,experiencia_previa_institucional_wiki,experiencia_detalle_bcn,experiencia_detalle_wiki,wiki_url
"Abarca, Damaris",F,F,1990-02-27,1990-02-27,Independiente,Independiente,Apruebo Dignidad,Apruebo Dignidad,D15,D15,Ajedrecista,Ajedrecista,False,False,0,0,False,False,,,https://es.wikipedia.org/wiki/Damaris_Abarca
"Abarca, Jorge",M,,1967-01-08,,Independiente,,Lista del Apruebo,,D1,,Biólogo,,False,,0,,False,,,,
"Achurra, Ignacio",M,M,1979-10-17,1979-10-19,Convergencia Social,Convergencia Social,Apruebo Dignidad,Apruebo Dignidad,D14,D14,Actor,Actor,False,False,1,0,False,False,,,https://es.wikipedia.org/wiki/Ignacio_Achurra
"Aguilera, Tiare",F,F,1982-02-13,1982-02-13,Independiente,Independiente,Escaños reservados,Escaños reservados,Escaño reservado: Rapa Nui,Escaño reservado: Rapa Nui,Abogada,Abogada,True,True,1,1,False,False,,,https://es.wikipedia.org/wiki/Tiare_Aguilera
"Alvarado, Gloria",F,,1963-03-23,,Independiente,,Corrientes Independientes,,D16,,Técnico de Nivel Superior en Administración y Gestión de Empresas,,False,,0,,False,,,,
"Alvarez, Julio",M,M,1964-09-10,1964-09-10,Partido Socialista de Chile,Partido Socialista de Chile,Lista del Apruebo,Lista del Apruebo,D26,D26,Abogado,Abogado,True,True,1,1,True,True,"Concejal por la comuna de Castro (2008-2012, 2016-2021)","Concejal por la comuna de Castro (2004-2012, 2016-2021)",https://es.wikipedia.org/wiki/Julio_%C3%81lvarez_Pinto
"Alvarez, Rodrigo",M,M,1966-07-30,1966-07-30,Unión Demócrata Independiente,Unión Demócrata Identitaria,Vamos por Chile,Vamos por Chile,D28,D28,Abogado,Abogado,True,True,2,2,True,True,"Diputado por el Distrito Nº 60 (1998-2010), Subsecretario de Hacienda (2010-2011), Ministro de Energía (2011-2012)","Diputado de la República de Chile por el Distrito N.º 60 (1998-2010), Presidente de la Cámara de Diputados de Chile (2009-2010), Subsecretario de Hacienda de Chile (2010-2011), Ministro de Energía de Chile (2011-2012)",https://es.wikipedia.org/wiki/Rodrigo_%C3%81lvarez_Zenteno
"Alvez, Amaya",F,F,1971-04-03,1971-04-03,Revolución Democrática,Revolución Democrática,Apruebo Dignidad,Apruebo Dignidad,D20,D20,Abogada,Abogada,True,True,2,2,False,False,,,https://es.wikipedia.org/wiki/Amaya_Alvez
"Ampuero, Adriana",F,F,1986-12-01,1986-12-01,Independiente,Independiente,La Lista del Pueblo,La Lista del Pueblo,D26,D26,,Abogada,False,True,0,0,False,False,,,https://es.wikipedia.org/wiki/Adriana_Ampuero
"Andrade, Cristobal",M,M,1988-09-30,1988-09-30,Independiente,Independiente,La Lista del Pueblo,La Lista del Pueblo,D6,D6,Mecánico Automotriz,Mecánico,False,False,0,0,False,False,,,https://es.wikipedia.org/wiki/Crist%C3%B3bal_Andrade
"Antilef, Victorino",M,M,1969-09-20,1969-09-20,,Independiente,Escaños reservados,Escaños reservados,Escaño reservado: Pueblo Mapuche,Escaño reservado: Mapuche,Profesor de Educación Básica,Educador,False,False,1,0,False,False,,,https://es.wikipedia.org/wiki/Victorino_Antilef
"Arancibia, Jorge",M,M,1939-09-17,1939-09-17,Independiente,Independiente,Vamos por Chile,Vamos por Chile,D7,D7,Ingeniero de armas,"Político, Militar",False,False,1,0,True,True,"Comandante en Jefe de la Armada (1997-2001), Senador (2002-2010)","Comandante en Jefe de la Armada (1997-2001), Senador (2002-2010), Embajador de Chile en Turquía (2011-2013)",https://es.wikipedia.org/wiki/Jorge_Arancibia
"Arauna, Francisca",F,F,1991-03-15,1991-03-15,Independiente,Independiente,La Lista del Pueblo,La Lista del Pueblo,D18,D18,Abogada,Abogada,True,True,0,0,False,False,,,https://es.wikipedia.org/wiki/Francisca_Arauna
"Arellano, Marco",M,,1989-12-29,,Independiente,,La Lista del Pueblo,,D8,,Administrador Público,,False,,0,,False,,,,
"Arrau, Martin",M,M,1979-03-06,1979-03-06,Partido Republicano de Chile,Unión Demócrata Independiente,Vamos por Chile,Vamos por Chile,D19,D19,Ingeniero Civil Industrial,Ingeniero civil industrial,False,False,0,0,True,True,Intendente de la Región de Ñuble (2018-2020),Intendente de la región de Ñuble (2018-2020),https://es.wikipedia.org/wiki/Mart%C3%ADn_Arrau
"Atria, Fernando",M,M,1968-10-30,1968-10-30,Independiente,Independiente,Apruebo Dignidad,Apruebo Dignidad,D10,D10,Abogado,Abogado,True,True,2,2,False,False,,,https://es.wikipedia.org/wiki/Fernando_Atria
"Bacian, Wilfredo",M,M,1975-09-27,1976,Independiente,Independiente,Escaños reservados,Escaños reservados,Escaño reservado: Pueblo Quechua,Escaño reservado: Pueblo Quechua,Gestor cultural,Gestor cultural,False,False,0,0,True,False,Concejal por la comuna de Pozo Almonte (2004-2008),,https://es.wikipedia.org/wiki/Wilfredo_Bacian
"Baradit, Jorge",M,M,1969-06-11,1969-06-11,Independiente,Independiente,Lista del Apruebo,Lista del Apruebo,D10,D10,Diseñador gráfico,Diseñador gráfico,False,False,0,0,False,False,,,https://es.wikipedia.org/wiki/Jorge_Baradit
"Baranda, Benito",M,M,1959-01-01,1959-01-01,Independiente,Independiente,Independientes No Neutrales,Independientes No Neutrales,D12,D12,Psicólogo,Psicólogo,False,False,2,1,False,False,,,https://es.wikipedia.org/wiki/Benito_Baranda
"Barcelo, Luis",M,M,1953-11-10,1953-11-10,Independiente,Independiente,Lista del Apruebo,Lista del Apruebo,D21,D21,Abogado,Abogado,True,True,0,0,True,True,Gobernador de la Provincia del Biobío (2014-2018),Gobernador de la Provincia del Biobío (2014-2018),https://es.wikipedia.org/wiki/Luis_Barcel%C3%B3
"Barraza, Marcos",M,M,1973-03-25,1973-03-25,Partido Comunista de Chile,Partido Comunista de Chile,Apruebo Dignidad,Apruebo Dignidad,D13,D13,Psicólogo,Psicólogo,False,False,0,0,True,True,"Subsecretario de Previsión Social (2014-2015), Ministro de Desarrollo Social (2015-2018)","Subsecretario de Previsión Social (2014-2015), Ministro de Desarrollo Social (2015-2018)",https://es.wikipedia.org/wiki/Marcos_Barraza
"Bassa, Jaime",M,M,1977-03-31,1977-03-31,Independiente,Independiente,Apruebo Dignidad,Apruebo Dignidad,D7,D7,Abogado,Abogado,True,True,2,2,False,False,,,https://es.wikipedia.org/wiki/Jaime_Bassa
"Botto, Miguel Angel",M,,1968-11-14,,Independiente,,Independientes No Neutrales,,D6,,Ingeniero comercial,,False,,1,,False,,,,
"Bown, Carol",F,F,1978-09-30,1978-09-30,Unión Demócrata Independiente,Unión Demócrata Independiente,Vamos por Chile,Vamos por Chile,D15,D15,Abogada,Abogada,True,True,1,1,True,True,"Subsecretaria de Carabineros (2010-2011), Subsecretaria de la Niñez (2018-2021)","Subsecretaria de Carabineros (2010-2011), Subsecretaria de la Niñez (2018-2021)",https://es.wikipedia.org/wiki/Carol_Bown
"Bravo, Daniel",M,M,1982-04-17,1982-04-17,Independiente,Independiente,La Lista del Pueblo,La Lista del Pueblo,D5,D5,Abogado,Abogado,True,True,1,1,False,False,,,https://es.wikipedia.org/wiki/Daniel_Bravo_Silva
"Caamano, Francisco",M,M,1989-12-11,1989-12-11,Independiente,Independiente,La Lista del Pueblo,La Lista del Pueblo,D14,D14,Ingeniero en Administración de Empresas,Ingeniero en administración de empresas,False,False,0,0,False,False,,,https://es.wikipedia.org/wiki/Francisco_Caama%C3%B1o_Rojas
"Caiguan, Alexis",M,M,1975-08-18,1975-08-18,Independiente,Independiente,Escaños reservados,Escaños reservados,Escaño reservado: Pueblo Mapuche,Escaño reservado: Pueblo Mapuche,Músico y educador tradicional,Educador,False,False,0,0,False,False,,,https://es.wikipedia.org/wiki/Alexis_Caiguan
"Calvo, Carlos",M,M,1946-03-07,1946-03-07,Independiente,Independiente,Lista del Apruebo,Lista del Apruebo,D5,D5,Profesor de filosofía,Profesor de filosofía,False,False,2,2,False,False,,,https://es.wikipedia.org/wiki/Carlos_Calvo_Mu%C3%B1oz
"Cancino, Adriana",F,F,1962-06-22,1962-06-22,Independiente,Independiente,Lista del Apruebo,Lista del Apruebo,D16,D16,Profesora,Profesora,False,False,0,0,False,False,,,https://es.wikipedia.org/wiki/Adriana_Cancino
"Cantuarias, Rocio",F,F,1978-06-20,1979,Independiente,Independiente,Vamos por Chile,Vamos por Chile,D20,D20,Abogada,Abogada,True,True,1,1,False,False,,,https://es.wikipedia.org/wiki/Roc%C3%ADo_Cantuarias
"Carrillo, Alondra",F,F,1991-06-23,1991-06-23,Independiente,Independiente,Voces Constituyentes,Voces Constituyentes,D12,D12,Psicóloga,Psicóloga,False,False,0,0,False,False,,,https://es.wikipedia.org/wiki/Alondra_Carrillo
"Castillo, Eduardo",M,,1950-06-25,,Partido Por la Democracia,,Lista del Apruebo,,D23,,Abogado,,True,,1,,True,,Concejal por Temuco (1992-1996) y de Padre las Casas (1996-2004),,
"Castillo, Maria Trinidad",F,,1956-10-04,,Independiente,,Lista Independientes por la Región de Coquimbo,,D5,,Profesora de Biología,,False,,1,,False,,,,
"Castro, Claudia",F,,1968-04-28,,Independiente,,Vamos por Chile,,D14,,Diseñadora de Vestuario,,False,,0,,False,,,,
"Catrileo, Rosa",F,F,1981-09-23,1981-09-23,,Independiente,Escaños reservados,Escaños reservados,Escaño reservado: Mapuche,Escaño reservado: Mapuche,Abogada,Abogada,True,True,1,1,False,False,,,https://es.wikipedia.org/wiki/Rosa_Catrileo
"Celedon, Roberto",M,M,1947-01-31,1947-01-31,Independiente,Independiente,Apruebo Dignidad,Apruebo Dignidad,D17,D17,Abogado,Abogado,True,True,1,1,False,False,,,https://es.wikipedia.org/wiki/Roberto_Celed%C3%B3n_Fern%C3%A1ndez
"Celis, Raul",M,M,1962-09-05,1962-09-05,Renovación Nacional,Renovación Nacional,Vamos por Chile,Vamos por Chile,D7,D7,Abogado,Abogado,True,True,0,0,True,True,Intendente de la Región de Valparaíso (2010-2014),Intendente de la Región de Valparaíso (2010-2014),https://es.wikipedia.org/wiki/Ra%C3%BAl_Celis_Montt
"Chahin, Fuad",M,M,1976-12-01,1976-12-01,Independiente,Partido Demócrata Cristiano,Lista del Apruebo,Lista del Apruebo,D22,D22,Abogado,Abogado,True,True,0,0,True,True,"Seremi de Gobierno de la Región de la Araucanía (2002-2003), Director de la División de Organizaciones Sociales (2003-2006), Diputado (2010-2018)","Seremi de Gobierno de la Región de la Araucanía (2002-2003), Director de la División de Organizaciones Sociales (2003-2006), Diputado (2010-2018)",https://es.wikipedia.org/wiki/Fuad_Chah%C3%ADn
"Chinga, Eric",M,M,1970-07-31,1970-07-31,,Independiente,Escaños reservados,Escaños reservados,Escaño reservado: Pueblo Diaguita,Escaño reservado: Pueblo Diaguita,Dirigente sindical,Dirigente sindical,False,False,0,0,False,False,,,https://es.wikipedia.org/wiki/Eric_Chinga
"Cozzi, Ruggero",M,M,1986-12-09,1986-12-09,Independiente,Renovación Nacional,Vamos por Chile,Vamos por Chile,D6,D6,Abogado,Abogado,True,True,1,1,False,False,,,https://es.wikipedia.org/wiki/Ruggero_Cozzi
"Cretton, Eduardo",M,M,1995-11-23,1995-11-23,Unión Demócrata Independiente,Unión Demócrata Independiente,Vamos por Chile,Vamos por Chile,D22,D22,Licenciado en ciencias jurídicas,Abogado,False,True,0,0,False,False,,,https://es.wikipedia.org/wiki/Eduardo_Cretton
"Cruz, Andres",M,M,1973-06-04,1973-06-04,Independiente,Independiente,Lista del Apruebo,Lista del Apruebo,D20,D20,Abogado,Abogado,True,True,2,2,False,False,,,https://es.wikipedia.org/wiki/Andr%C3%A9s_Cruz
"Cubillos, Marcela",F,F,1967-02-02,1967-02-02,Unión Demócrata Independiente,Independiente,Vamos por Chile,Vamos por Chile,D11,D11,Abogada,Abogada,True,True,0,0,True,True,"Diputada (2002-2010), Ministra de Medio Ambiente (2018), Ministra de Educación (2018-2020)","Diputada (2002-2010), Ministra del Medio Ambiente (2018), Ministra de Educación (2018-2020)",https://es.wikipedia.org/wiki/Marcela_Cubillos
"Cespedes, Lorena",F,F,1973-07-18,1973,Independiente,Independiente,Independientes por la Nueva Constitución,Independientes No Neutrales,D23,D23,Profesora de física,"Física, educadora",False,False,0,0,False,False,,,https://es.wikipedia.org/wiki/Lorena_C%C3%A9spedes
"Daza, Mauricio",M,M,1972-03-21,1972-03-21,Independiente,Independiente,Regionalismo Ciudadano Independiente,Regionalismo Ciudadano Independiente,D28,D28,Abogado,Abogado,True,True,1,1,False,False,,,https://es.wikipedia.org/wiki/Mauricio_Daza
"De la Maza, Bernardo",M,M,1946-01-03,1946-01-03,Independiente,Independiente,Vamos por Chile,Vamos por Chile,D8,D8,Periodista,Periodista,False,False,0,0,False,False,,,https://es.wikipedia.org/wiki/Bernardo_de_la_Maza
"Delgado, Aurora",F,,1964-07-31,,Independiente,,Apruebo Dignidad,,D24,,Matrona,,False,,0,,False,,,,
"Dominguez, Gaspar",M,M,1988-10-27,1988-10-27,Independiente,Independiente,Independientes No Neutrales,Independientes No Neutrales,D26,D26,Médico,Médico,False,False,1,1,False,False,,,https://es.wikipedia.org/wiki/Gaspar_Dom%C3%ADnguez
"Dorador, Cristina",F,F,1980-02-28,1980-02-28,Independiente,Independiente,Movimiento Independientes del Norte,Movimiento Independientes del Norte,D3,D3,Bióloga,Bióloga,False,False,2,2,False,False,,,https://es.wikipedia.org/wiki/Cristina_Dorador
"Fernandez, Patricio",M,M,1969-09-21,1969-09-21,Independiente,Independiente,Lista del Apruebo,Lista del Apruebo,D11,D11,Escritor,Escritor,False,False,0,0,False,False,,,https://es.wikipedia.org/wiki/Patricio_Fern%C3%ADndez
"Flores, Alejandra",F,,1961-03-10,,Independiente,,Independientes De Tarapacá,,D2,,Profesora de Castellano,,False,,1,,False,,,,
"Fontaine, Bernardo",M,M,1964-06-10,1964-06-10,Independiente,Independiente,Vamos por Chile,Vamos por Chile,D11,D11,Ingeniero Comercial,Ingeniero Comercial,False,False,0,0,False,False,,,https://es.wikipedia.org/wiki/Bernardo_Fontaine
"Fuchslocher, Javier",M,M,1988-10-14,1988-10-14,Independiente,Independiente,Independientes por una nueva Constitución,Independientes por una Nueva Constitución,D21,D21,Profesor de Historia y Geografía,Profesor de Historia y Geografía,False,False,1,1,False,False,,,https://es.wikipedia.org/wiki/Javier_Fuchslocher
"Gallardo, Bessy",F,F,1984-12-31,1984-12-31,Independiente,Independiente,Lista del Apruebo,Lista del Apruebo,D8,D8,Egresada de Derecho,Abogada,False,True,0,0,False,False,,,https://es.wikipedia.org/wiki/Bessy_Gallardo
"Galleguillos, Felix",M,M,1986-03-23,1986-03-23,,Independiente,Escaños reservados,Escaños reservados,Escaño reservado: Pueblo Atacameño,Escaño reservado: Pueblo Atacameño,Ingeniero Civil Ambiental,Ingeniero Civil Ambiental,False,False,0,0,False,False,,,https://es.wikipedia.org/wiki/F%C3%A9lix_Galleguillos_Aymani
"Garin, Renato",M,M,1986-05-30,1986-05-30,Independiente,Independiente,La Lista del Apruebo,Lista del Apruebo,D14,D14,Abogado,Abogado,True,True,1,1,True,True,Diputado (2018-2021),Diputado de la República de Chile por el Distrito N.º 14 (2018-2021),https://es.wikipedia.org/wiki/Renato_Gar%C3%ADn
"Giustinianovich, Elisa",F,F,1984-11-23,1984-11-23,Independiente,Independiente,Coordinadora Social de Magallanes,Coordinadora Social de Magallanes,D28,D28,Bioingeniera,Bioingeniera,False,False,2,2,False,False,,,https://es.wikipedia.org/wiki/Elisa_Giustinianovich
"Godoy, Isabel",F,F,1967-12-03,1967-12-03,,Independiente,Escaños reservados,Escaños reservados,Escaño reservado: Pueblo Colla,Escaño reservado: Pueblo Colla,Técnico en Contabilidad Tributaria,Contadora,False,False,0,0,False,False,,,https://es.wikipedia.org/wiki/Isabel_Godoy
"Gonzalez, Dayana",F,F,1987-10-31,1987-10-31,Independiente,Independiente,La Lista del Pueblo,La Lista del Pueblo,D3,D3,Profesora de Historia y Geografía,Profesora de historia y geografía,False,False,0,0,False,False,,,https://es.wikipedia.org/wiki/Dayyana_Gonz%C3%A1lez
"Gonzalez, Lidia",F,F,1967-04-27,1967-04-27,Independiente,Independiente,Escaños reservados,Escaños reservados,Escaño reservado: Pueblo Yagán,Escaño reservado: Pueblo Yagán,Artesana,Artesana,False,False,0,0,True,True,Concejala de Cabo de Hornos (2008-2016),Concejala de Cabo de Hornos (2008-2016),https://es.wikipedia.org/wiki/Lidia_Gonz%C3%A1lez
"Grandon, Giovanna",F,F,1975-05-06,1975-05-06,Independiente,Independiente,La Lista del Pueblo,La Lista del Pueblo,D12,D12,Asistente de Párvulos,Asistente de párvulos,False,False,0,0,False,False,,,https://es.wikipedia.org/wiki/Giovanna_Grand%C3%B3n
"Grandon, Paola",F,,1973-08-29,,Federación Regionalista Verde Social,,Apruebo Dignidad,,D17,,,,False,,0,,False,,,,
"Gutierrez, Hugo",M,M,1961-10-05,1961-10-05,Partido Comunista de Chile,Partido Comunista de Chile,Apruebo Dignidad,Apruebo Dignidad,D2,D2,Abogado,Abogado,True,True,0,0,True,True,"Concejal de Estación Central (2004-2008), Diputado (2010-2021)","Concejal de Estación Central (2004-2008), Diputado (2010-2021)",https://es.wikipedia.org/wiki/Hugo_Guti%C3%A9rrez
"Gomez, Claudio",M,M,1980-04-06,1980-04-06,Independiente,Independiente,Lista del Apruebo,Lista del Apruebo,D6,D6,Abogado,Abogado,True,True,1,1,False,False,,,https://es.wikipedia.org/wiki/Claudio_G%C3%B3mez_Castro
"Gomez, Yarela",F,F,1990-06-08,1990-06-08,Independiente,Convergencia Social,Apruebo Dignidad,Apruebo Dignidad,D27,D27,Profesora,Profesora,False,False,0,0,False,False,,,https://es.wikipedia.org/wiki/Yarela_G%C3%B3mez
"Harboe, Felipe",M,M,1972-07-20,1972-07-20,Partido por la Democracia,Partido por la Democracia,Lista del Apruebo,Lista del Apruebo,D19,D19,Abogado,Abogado,True,True,0,0,True,True,"Subsecretario de Carabineros (2002-2006), Subsecretario del Interior (2006), Diputado (2009-2014), Senador (2014-2021)","Subsecretario de Carabineros (2002-2006), Subsecretario del Interior (2006-2008), Diputado (2009-2014), Senador (2014-2021)",https://es.wikipedia.org/wiki/Felipe_Harboe
"Henriquez, Natalia",F,,1985-07-09,,Independiente,,La Lista del Pueblo,,D9,,Médica internista,,False,,0,,False,,,,
"Hoppe, Vanessa",F,F,1979-12-27,1981,Independiente,Independiente,Apruebo Dignidad,Apruebo Dignidad,D21,D21,Abogada,Abogada,True,True,1,1,False,False,,,https://es.wikipedia.org/wiki/Vanessa_Hoppe
"Hube, Constanza",F,F,1986-03-10,1986-03-10,Unión Demócrata Independiente,Unión Demócrata Independiente,Vamos por Chile,Vamos por Chile,D11,D11,Abogada,Abogada,True,True,1,1,False,False,,,https://es.wikipedia.org/wiki/Constanza_Hube
"Hurtado, Maximiliano",M,,1984-09-27,,Partido Socialista de Chile,,La Lista del Apruebo,,D4,,,,False,,0,,False,,,,
"Hurtado, Ruth",F,F,1981-10-08,1981-10-08,Partido Republicano de Chile,Partido Republicano,Vamos por Chile,Vamos por Chile,D22,D22,Bachiller en Trabajo Social,Trabajadora social,False,False,0,0,False,False,,,https://es.wikipedia.org/wiki/Ruth_Hurtado
"Jimenez, Luis",M,M,1983-09-10,1983-09-10,Independiente,Independiente,Escaños reservados,Escaños reservados,Escaño reservado: Pueblo Aymara,Escaño reservado: Pueblo Aymara,Abogado,Abogado,True,True,0,0,False,False,,,https://es.wikipedia.org/wiki/Luis_Jim%C3%A9nez_C%C3%A1ceres
"Jofre, Alvaro",M,M,1971-10-16,1971-10-16,Renovación Nacional,Renovación Nacional,Vamos por Chile,Vamos por Chile,D2,D2,Egresado de Ingeniería en Administración de Empresas,Ingeniero en administración de empresas,False,False,0,0,True,True,"Concejal de Iquique (2004-2008, 2012-2016); Consejero Regional de Tarapacá (2017-2018); Gobernador Provincial de Iquique (2018-2021); Seremi de Economía de Tarapacá",Concejal de Iquique (2012-2016); Consejero Regional de Tarapacá (2018); Gobernador de la Provincia de Iquique (2018-2020),https://es.wikipedia.org/wiki/%C3%81lvaro_Jofr%C3%A9
"Jurgensen, Harry",M,M,1942-05-30,1942-05-30,Renovación Nacional,Renovación Nacional,Vamos por Chile,Vamos por Chile,D25,D25,Contador General,Contador general,False,False,0,0,True,True,Diputado por el Distrito N° 56 (1994-1998); Intendente de la Región de Los Lagos (2018-2021),Diputado de la República (1994-1998); Intendente de la Región de Los Lagos (2018-2021),https://es.wikipedia.org/wiki/Harry_J%C3%BCrgensen_Caesar
"Labbe, Bastian",M,M,1990-05-06,1990-05-06,Independiente,Independiente,Asamblea Popular Constituyente,Asamblea Popular Constituyente,D20,D20,Profesor de Historia y Geografía,Profesor de historia y geografía,False,False,0,0,False,False,,,https://es.wikipedia.org/wiki/Basti%C3%A1n_Labb%C3%A9
"Labra, Patricia",F,F,1986-04-25,1986-04-25,Renovación Nacional,Renovación Nacional,Vamos por Chile,Vamos por Chile,D18,D18,Abogada,Abogada,True,True,1,1,True,True,Coordinadora regional del Servicio Nacional del Adulto Mayor en el Maule (Senama) (2018-2020),Coordinadora regional del Servicio Nacional del Adulto Mayor en el Maule (2018-2021),https://es.wikipedia.org/wiki/Patricia_Labra
"Labrana, Elsa",F,F,1974-09-19,1974-09-19,Independiente,Independiente,La Lista del Pueblo,La Lista del Pueblo,D17,D17,Asistente Social,Trabajadora social,False,False,0,0,False,False,,,https://es.wikipedia.org/wiki/Elsa_Labra%C3%B1a
"Laibe, Tomas",M,M,1990-09-28,1990-09-28,Partido Socialista de Chile,Partido Socialista,Lista del Apruebo,Lista del Apruebo,D27,D27,Cientista Político,Politólogo,False,False,1,1,False,False,,,https://es.wikipedia.org/wiki/Tom%C3%A1s_Laibe
"Larrain, Hernan",M,M,1974-12-24,1974-12-24,Evolución Política,Evolución Política,Vamos por Chile,Vamos por Chile,D11,D11,Abogado,Abogado,True,True,1,1,False,False,,,https://es.wikipedia.org/wiki/Hern%C3%A1n_Larra%C3%ADn_Matte
"Letelier, Margarita",F,,1953-10-30,,Unión Demócrata Independiente,,Vamos por Chile,,D19,,Médica veterinaria,,False,,0,,False,,,,
"Linconao, Francisca",F,F,1956-09-18,1958-09-18,,Independiente,Escaños reservados,Escaños reservados,Escaño reservado: Pueblo Mapuche,Escaño reservado: Pueblo Mapuche,Machi,Machi,False,False,0,0,False,False,,,https://es.wikipedia.org/wiki/Francisca_Linconao
"Llanquileo, Natividad",F,F,1984-07-14,1984-07-14,,Independiente,Escaños reservados,Escaños reservados,Escaño reservado: Pueblo Mapuche,Escaño reservado: Pueblo Mapuche,Abogada,Abogada,True,True,0,0,False,False,,,https://es.wikipedia.org/wiki/Natividad_Llanquileo
"Logan, Rodrigo",M,,1980-02-01,,Independiente,,,,D9,,Abogado,,True,,1,,False,,,,
"Loncon, Elisa",F,F,1963-01-23,1963-01-23,,Independiente,Escaños reservados,Escaños reservados,Escaño reservado: Pueblo Mapuche,Escaño reservado: Pueblo Mapuche,Profesora de Inglés,Profesora de Inglés,False,False,2,2,False,False,,,https://es.wikipedia.org/wiki/Elisa_Loncon
"Madriaga, Tania",F,F,1972-02-23,1972,Independiente,Independiente,La Lista del Pueblo,La Lista del Pueblo,D7,D7,Socióloga,Socióloga,False,False,1,1,False,False,,,https://es.wikipedia.org/wiki/Tania_Madriaga
"Mamani, Isabella",F,F,1988-01-07,1988-01-07,,Independiente,Escaños reservados,Escaños reservados,Escaño reservado: Pueblo Aymara,Escaño reservado: Pueblo Aymara,Abogada,Abogada,True,True,0,0,False,False,,,https://es.wikipedia.org/wiki/Isabella_Mamani
"Marinovic, Teresa",F,F,1973-02-03,1973-02-03,Independiente,Independiente,Vamos por Chile,Vamos por Chile,D10,D10,Licenciada en Filosofía,Licenciada en filosofía,False,False,0,0,False,False,,,https://es.wikipedia.org/wiki/Teresa_Marinovic
"Martin, Juan Jose",M,M,1995-10-27,1995-10-27,Independiente,Independiente,Independientes por una Nueva Constitución,Independientes por una Nueva Constitución,D12,D12,,Ingeniero,False,False,0,0,False,False,,,https://es.wikipedia.org/wiki/Juan_Jos%C3%A9_Martin
"Martinez, Helmuth",M,M,1986-10-15,1987-10-15,Independiente,Independiente,Lista del Pueblo,La Lista del Pueblo,D23,D23,Abogado,Abogado,True,True,0,0,False,False,,,https://es.wikipedia.org/wiki/Helmuth_Mart%C3%ADnez_Llancap%C3%A1n
"Mayol, Luis",M,M,1952-11-27,1952-11-27,Renovación Nacional,Renovación Nacional,Vamos por Chile,Vamos por Chile,D23,D23,Abogado,Abogado,True,True,0,0,True,True,"Ministro de Agricultura (2011-2014), Intendente de la Región de la Araucanía (2018)","Ministro de Agricultura de Chile (2011-2014), Intendente de la Región de la Araucanía (2018)",https://es.wikipedia.org/wiki/Luis_Mayol
"Mella, Jeniffer",F,F,1981-01-10,1981-01-10,Independiente,Independiente,Apruebo Dignidad,Apruebo Dignidad,D5,D5,Abogada,Abogada,True,True,0,0,False,False,,,https://es.wikipedia.org/wiki/Jeniffer_Mella
"Mena, Felipe",M,,1982-08-18,,Unión Demócrata Independiente,,Vamos por Chile,,D24,,Ingeniero Agrónomo,,False,,1,,True,,"Director Regional del Instituto Nacional de la Juventud (2010-2012), Director Regional del Fondo de Solidaridad e Inversión Social (2012-2013), Director Regional del Instituto Nacional del Deporte, Consejero Regional por la Región de Los Ríos",,
"Meneses, Janis",F,,1989-07-04,,Independiente,,Movimientos Independientes,,D6,,Trabajadora Social,,False,,0,,False,,,,
"Millabur, Adolfo",M,M,1966-08-30,1966-08-30,Pueblo Mapuche,Independiente,Escaños reservados,Escaños reservados,Escaño reservado: Pueblo Mapuche,Escaño reservado: Pueblo Mapuche,Dirigente social y político,Político,False,False,0,0,True,True,"Concejal de Tirúa (1992-1996), Alcalde de Tirúa (1996-2021)","Concejal de Tirúa (1992-1996), Alcalde de Tirúa (1996-2021)",https://es.wikipedia.org/wiki/Adolfo_Millabur
"Miranda, Valentina",F,F,2000-03-19,2000-03-19,Partido Comunista de Chile,Partido Comunista de Chile,Apruebo Dignidad,Apruebo Dignidad,D8,D8,Estudiante de Administración Pública,Estudiante,False,False,0,0,False,False,,,https://es.wikipedia.org/wiki/Valentina_Miranda
"Monckeberg, Cristian",M,M,1968-05-12,1968-05-12,Renovación Nacional,Renovación Nacional,Vamos por Chile,Vamos por Chile,D10,D10,Abogado,Abogado,True,True,1,1,True,True,"Concejal de Ñuñoa (1992-1996), Diputado (2006-2018), Ministro de Vivienda y Urbanismo (2018-2020), Ministro de Desarrollo Social y Familia (2020), Ministro Secretario General de la Presidencia (2020-2021)","Concejal de Ñuñoa (1992-1996), Diputado (2006-2018), Ministro de Vivienda y Urbanismo (2018-2020), Ministro de Desarrollo Social y Familia (2020), Ministro Secretario General de la Presidencia (2020-2021)",https://es.wikipedia.org/wiki/Cristi%C3%A1n_Monckeberg
"Montealegre, Katerine",F,F,1992-02-23,1992-02-23,Unión Demócrata Independiente,Unión Demócrata Independiente,Vamos por Chile,Vamos por Chile,D26,D26,Abogada,Abogada,True,True,0,0,False,False,,,https://es.wikipedia.org/wiki/Katerine_Montealegre
"Montero, Ricardo",M,M,1983-06-12,1983-06-12,Partido Socialista de Chile,Partido Socialista,Lista del Apruebo,Lista del Apruebo,D18,D18,Abogado,Abogado,True,True,1,1,False,False,,,https://es.wikipedia.org/wiki/Ricardo_Montero_Allende
"Moreno, Alfredo",M,M,1982-02-11,1982-02-11,Independiente,Independiente,Vamos por Chile,Vamos por Chile,D17,D17,Ingeniero Comercial,Político y jinete de rodeo,False,False,1,0,False,False,,,https://es.wikipedia.org/wiki/Alfredo_Moreno_Echeverr%C3%ADa
"Munoz, Pedro",M,M,1987-11-24,1987-11-24,Partido Socialista de Chile,Partido Socialista,Lista del Apruebo,Lista del Apruebo,D24,D24,Abogado,Político y activista,True,False,0,0,True,True,Concejal de Valdivia (2016-2020),Concejal de Valdivia (2016-2021),https://es.wikipedia.org/wiki/Pedro_Mu%C3%B1oz_Leiva
"Namor, Guillermo",M,,1996-11-27,,Independiente,,Independientes por la Nueva Constitución,,D4,,Egresado de Derecho,,False,,0,,False,,,,
"Navarrete, Geoconda",F,F,1969-09-08,1969-09-08,Evolución Política,Evolución Política,Vamos por Chile,Vamos por Chile,D27,D27,Asistente social,Asistente social,False,False,0,0,True,True,Intendenta de la Región de Aysén (2018-2021),"Secretaria Regional Ministerial de Desarrollo Social de Aysén (2010-2014), Intendenta de la Región de Aysén (2018-2021)",https://es.wikipedia.org/wiki/Geoconda_Navarrete
"Neumann, Ricardo",M,M,1987-12-13,1987-12-13,Independiente,Independiente,Vamos por Chile,Vamos por Chile,D16,D16,Abogado,Abogado,True,True,1,1,False,False,,,https://es.wikipedia.org/wiki/Ricardo_Neumann
"Nunez, Nicolas",M,M,1987-09-28,1987-09-28,Federación Regionalista Verde Social,Federación Regionalista Verde Social,Apruebo Dignidad,Apruebo Dignidad,D16,D16,Abogado,Abogado,True,True,0,0,False,False,,,https://es.wikipedia.org/wiki/Nicol%C3%A1s_N%C3%BA%C3%B1ez_Gangas
"Olivares, Ivanna",F,,1990-07-11,,Independiente,,La Lista del Pueblo,,D5,,Profesora de Historia,,False,,0,,False,,,,
"Orellana, Matias",M,,1988-12-22,,Partido Socialista de Chile,,Lista del Apruebo,,D15,,Abogado,,True,,0,,False,,,,
"Ossandon, Manuel",M,M,1987-07-02,1987-07-02,Independiente,Renovación Nacional,Vamos por Chile,Vamos por Chile,D12,D12,Abogado,Abogado,True,True,0,0,False,False,,,https://es.wikipedia.org/wiki/Manuel_Jos%C3%A9_Ossand%C3%B3n_Lira
"Oyarzun, Maria Jose",F,F,1982-10-23,1982-10-23,Partido Revolución Democrática,Revolución Democrática,Apruebo Dignidad,Apruebo Dignidad,D7,D7,Profesora de Filosofía,Profesora,False,False,0,0,False,False,,,https://es.wikipedia.org/wiki/Mar%C3%ADa_Jos%C3%A9_Oyarz%C3%BAn
"Pinto, Malucha",F,F,1955-04-16,1955-04-16,Partido Socialista de Chile,Independiente,La Lista del Apruebo,Lista del Apruebo,D13,D13,Actriz,Actriz,False,False,0,0,False,False,,,https://es.wikipedia.org/wiki/Malucha_Pinto
"Politzer, Patricia",F,F,1952-02-28,1952-02-28,Independiente,Independiente,Independientes por la Nueva Constitución,Independientes por la Nueva Constitución,D10,D10,Periodista,Periodista,False,False,0,0,True,True,Directora de la Secretaría de Comunicación y Cultura del Ministerio Secretaría General de la Presidencia (2000); Presidenta del CNTV (2001),Directora de la Secretaría de Comunicación y Cultura del Ministerio Secretaría General de la Presidencia (2000-2001); Presidenta del Consejo Nacional de Televisión (2001-2006),https://es.wikipedia.org/wiki/Patricia_Politzer
"Portilla, Ericka",F,F,1985-01-04,1985-01-04,Partido Comunista de Chile,Partido Comunista de Chile,Apruebo Dignidad,Apruebo Dignidad,D4,D4,Abogada,Abogada,True,True,1,0,True,True,Secretaria Regional Ministerial (Seremi) de Transportes y Telecomunicaciones de la región de Atacama (2014-2016); Gobernadora Provincial de la Provincia de Copiapó (2016-2018),Secretaria Regional Ministerial de Transportes y Telecomunicaciones de Atacama (2014-2016); Gobernadora de la Provincia de Copiapó (2016-2018),https://es.wikipedia.org/wiki/Ericka_Portilla
"Pustilnick, Tammy",F,,1986-11-28,,Independiente,,Independientes del Bío Bío por una Nueva Constitución,,D20,,Abogada,,True,,1,,False,,,,
"Perez, Alejandra",F,F,1977-10-25,1977-10-25,Independiente,Independiente,La Lista del Pueblo,La Lista del Pueblo,D9,D9,,,False,False,0,0,False,False,,,https://es.wikipedia.org/wiki/Alejandra_Pérez_Espina
"Quinteros, Maria Elisa",F,F,1981-12-20,1981-12-20,Independiente,Independiente,Asamblea Popular por la Dignidad,Asamblea Popular por la Dignidad,D17,D17,Odontóloga,Odontóloga,False,False,2,2,False,False,,,https://es.wikipedia.org/wiki/María_Elisa_Quinteros
"Rebolledo, Barbara",F,F,1973-01-22,1973-01-22,Independiente,Independiente,Vamos por Chile,Vamos por Chile,D17,D17,Periodista,Periodista,False,False,1,1,False,False,,,https://es.wikipedia.org/wiki/Bárbara_Rebolledo
"Reyes, Maria Ramona",F,F,1967-04-02,1967,Partido Socialista de Chile,Partido Socialista,Lista del Apruebo,Lista del Apruebo,D24,D24,Matrona,Matrona,False,False,0,0,True,True,"Concejala de Paillaco (2004-2008), Alcaldesa de Paillaco (2008-2020)","Concejala de Paillaco (2004-2008), Alcaldesa de Paillaco (2008-2021)",https://es.wikipedia.org/wiki/Ramona_Reyes
"Rivera, Maria Magdalena",F,F,1958-01-28,1958-01-28,Independiente,Independiente,La Lista del Pueblo,La Lista del Pueblo,D8,D8,Abogada,Abogada,True,True,0,0,False,False,,,https://es.wikipedia.org/wiki/Mar%C3%ADa_Rivera_Iribarren
"Rivera, Pollyana",F,F,1974-11-26,1974-11-26,Independiente,Independiente,Vamos por Chile,Vamos por Chile,D1,D1,Periodista,Periodista,False,False,0,0,False,False,,,https://es.wikipedia.org/wiki/Pollyana_Rivera
"Roa, Giovanna",F,F,1986-11-20,1986-11-20,Revolución Democrática,Revolución Democrática,Apruebo Dignidad,Apruebo Dignidad,D10,D10,Diseñadora,Diseñadora,False,False,0,0,False,False,,,https://es.wikipedia.org/wiki/Giovanna_Roa
"Royo, Manuela",F,F,1982-12-12,1982-12-27,Independiente,Independiente,Apruebo Dignidad,Apruebo Dignidad,D23,D23,Abogada,Abogada,True,True,1,1,False,False,,,https://es.wikipedia.org/wiki/Manuela_Royo
"Saldana, Alvin",M,M,1976-07-05,1976-07-05,Independiente,Independiente,Movimientos Sociales Autónomos,Movimientos Sociales Autónomos,D15,D15,Abogado,Abogado,True,True,0,0,False,False,,,https://es.wikipedia.org/wiki/Alvin_Salda%C3%B1a
"Salinas, Fernando",M,,1956-03-02,,Independiente,,La Lista del Pueblo,,D18,,Ingeniero Civil,,False,,1,,False,,,,
"San Juan, Constanza",F,F,1985-09-18,1985-09-18,Independiente,Independiente,Asamblea Constituyente Atacama,Asamblea Constituyente Atacama,D4,D4,Licenciada en Historia,Licenciada en Historia,False,False,0,0,False,False,,,https://es.wikipedia.org/wiki/Constanza_San_Juan
"Schonhaut, Constanza",F,F,1989-01-31,1989-01-31,Partido Convergencia Social,Convergencia Social,Apruebo Dignidad,Apruebo Dignidad,D11,D11,Abogada,Abogada,True,True,0,0,False,False,,,https://es.wikipedia.org/wiki/Constanza_Sch%C3%B6nhaut
"Sepulveda, Barbara",F,F,1985-07-19,1985-07-19,Partido Comunista de Chile,Partido Comunista de Chile,Apruebo Dignidad,Apruebo Dignidad,D9,D9,Abogada,Abogada,True,True,1,1,False,False,,,https://es.wikipedia.org/wiki/B%C3%A1rbara_Sep%C3%BAlveda
"Sepulveda, Carolina",F,,1980-06-06,,Independiente,,Independientes de Ñuble por la Nueva Constitución,,D19,,Ingeniera Civil Química,,False,,2,,False,,,,
"Serey, Mariela",F,,1980-12-22,,Independiente,,Apruebo Dignidad,,D6,,Profesora de Educación General Básica,,False,,0,,False,,,,
"Silva, Luciano",M,,1971-02-03,,Renovación Nacional,,Vamos por Chile,,D20,,Profesor de Educación General Básica,,False,,0,,False,,,,
"Squella, Agustin",M,M,1944-04-26,1944-04-26,Independiente,Independiente,Lista del Apruebo,Lista del Apruebo,D7,D7,Abogado,Abogado,True,True,2,2,True,True,Rector de la Universidad de Valparaíso (1990-1998); Asesor Cultural de la Presidencia (2000-2003),Rector de la Universidad de Valparaíso (1990-1998); Asesor Cultural de la Presidencia (2000-2003),https://es.wikipedia.org/wiki/Agust%C3%ADn_Squella
"Stingo, Daniel",M,M,1965-11-03,1965-11-03,Independiente,Revolución Democrática,Apruebo Dignidad,Apruebo Dignidad,D8,D8,Abogado,Abogado,True,True,0,0,False,False,,,https://es.wikipedia.org/wiki/Daniel_Stingo
"Sanchez, Beatriz",F,F,1970-12-24,1970-12-24,Independiente,Independiente,Apruebo Dignidad,Apruebo Dignidad,D12,D12,Periodista,Periodista,False,False,0,0,False,False,,,https://es.wikipedia.org/wiki/Beatriz_S%C3%A1nchez
"Tepper, Maria Angelica",F,,1961-03-23,,Independiente,,Vamos por Chile,,D23,,,,False,,0,,False,,,,
"Tirado, Fernando",M,,1953-11-22,,Independiente,,Escaños reservados,,Escaño reservado: Chango,,Técnico Pecuario y Pesquero,,False,,0,,True,,Concejal por la comuna de Los Vilos (2012-2016),,
"Toloza, Pablo",M,M,1971-05-28,1971-05-28,Unión Demócrata Independiente,Unión Demócrata Independiente,Vamos por Chile,Vamos por Chile,D3,D3,Abogado,Abogado,True,True,0,0,True,True,"Gobernador de la Provincia de Antofagasta (2010-2012), Intendente de la Región de Antofagasta (2012-2013)","Gobernador de la Provincia de Antofagasta (2010-2012), Intendente de la Región de Antofagasta (2012-2013)",https://es.wikipedia.org/wiki/Pablo_Toloza
"Ubilla, Maria Cecilia",F,,1956-03-18,,Independiente,,Vamos por Chile,,D25,,Abogada,,True,,0,,True,,"Concejala por Osorno (2008-2012), Delegada provincial en el Servicio de Vivienda y Urbanización de Osorno (2013)",,
"Uribe, Cesar",M,,1983-11-28,,Independiente,,La Lista del Pueblo,,D19,,Arquitecto,,False,,0,,False,,,,
"Urrutia, Tatiana",F,F,1982-09-17,1982-09-17,Revolución Democrática,Revolución Democrática,Apruebo Dignidad,Apruebo Dignidad,D8,D8,Comunicadora,política,False,False,0,0,False,False,,,https://es.wikipedia.org/wiki/Tatiana_Urrutia
"Valenzuela, Cesar",M,M,1989-01-05,1989-01-05,Partido Socialista de Chile,Partido Socialista,Lista del Apruebo,Lista del Apruebo,D9,D9,Abogado,Abogado,True,True,1,1,False,False,,,https://es.wikipedia.org/wiki/C%C3%A9sar_Valenzuela_Maass
"Valenzuela, Paulina",F,,1984-11-23,,Independiente,,Independientes por la Nueva Constitución,,D14,,Profesora de Educación General Básica,,False,,0,,False,,,,
"Vallejos, Loreto",F,F,1980-02-09,1980-02-09,Independiente,Independiente,La Lista del Pueblo,La Lista del Pueblo,D15,D15,Profesora de Historia y Geografía,Profesora de historia,False,False,0,0,False,False,,,https://es.wikipedia.org/wiki/Loreto_Vallejos
"Vargas, Margarita",F,F,1969-10-30,1969-10-30,,Independiente,Escaños reservados,Escaños reservados,Escaño reservado: Pueblo Kawashkar,Escaño reservado: Pueblo Kawésqar,Ingeniera en Administración Pública,Ingeniera,False,False,0,0,False,False,,,https://es.wikipedia.org/wiki/Margarita_Vargas_L%C3%B3pez
"Vargas, Mario",M,M,1963-02-07,1963-02-07,Partido Socialista de Chile,Partido Socialista,Lista del Apruebo,Lista del Apruebo,D25,D25,Profesor,Profesor,False,False,1,1,False,False,,,https://es.wikipedia.org/wiki/Mario_Vargas_Vidal
"Vega, Roberto",M,M,1978-02-01,1978-02-01,Renovación Nacional,Renovación Nacional,Vamos por Chile,Vamos por Chile,D5,D5,Abogado,Abogado,True,True,1,1,True,True,Secretario Regional Ministerial de Minería de la Región de Coquimbo (2018-2020),Seremi de Minería de la Región de Coquimbo (2018-2020),https://es.wikipedia.org/wiki/Roberto_Vega
"Veloso, Paulina",F,,1987-07-21,,Renovación Nacional,,Vamos por Chile,,D21,,Licenciada en derecho,,False,,0,,False,,,,
"Velasquez, Hernan",M,M,1965-10-29,1965-10-29,Federación Regionalista Verde Social,Federación Regionalista Verde Social,Apruebo Dignidad,Apruebo Dignidad,D3,D3,Sociólogo,Sociólogo,False,False,0,0,True,True,"Concejal de Calama (2008-2012, 2012-2016)",Concejal de Calama (2008-2016),https://es.wikipedia.org/wiki/Hern%C3%A1n_Vel%C3%A1squez_N%C3%BA%C3%B1ez
"Vergara, Lisette",F,F,1992-09-14,1993-01-01,Independiente,Independiente,La Lista del Pueblo,La Lista del Pueblo,D6,D6,Profesora de Historia y Geografía,Profesora de historia y geografía,False,False,0,0,False,False,,,https://es.wikipedia.org/wiki/Lisette_Vergara
"Vidal, Rossana",F,F,1970-04-09,1970-04-09,Independiente,Independiente,La Lista del Pueblo,La Lista del Pueblo,D20,D20,"Enfermera, Abogada","Enfermera, abogada",True,True,1,1,False,False,,,https://es.wikipedia.org/wiki/Loreto_Vidal
"Videla, Carolina",F,F,1968-12-22,1968-12-22,Partido Comunista de Chile,Partido Comunista de Chile,Apruebo Dignidad,Apruebo Dignidad,D1,D1,Trabajadora Social,Trabajadora social,False,False,0,0,False,True,,Secretaria Regional Ministerial de Gobierno de Arica y Parinacota (2014-2016),https://es.wikipedia.org/wiki/Carolina_Videla
"Viera, Christian",M,M,1972-07-31,1972-07-31,Independiente,Independiente,Lista del Apruebo,Lista del Apruebo,D17,D17,Abogado,Abogado,True,True,2,2,False,False,,,https://es.wikipedia.org/wiki/Christian_Viera
"Vilches, Carolina",F,F,1984-12-21,1984-12-21,Independiente,Independiente,Apruebo Dignidad,Apruebo Dignidad,D6,D6,Geógrafa,Geógrafa,False,False,0,0,False,False,,,https://es.wikipedia.org/wiki/Carolina_Vilches
"Villena, Ingrid",F,F,1990-06-05,1990-06-05,Independiente,Independiente,La Lista del Pueblo,La Lista del Pueblo,D13,D13,Abogada,Abogada,True,True,0,0,False,False,,,https://es.wikipedia.org/wiki/Ingrid_Villena
"Woldarsky, Manuel",M,M,1984-03-11,1984-03-11,Independiente,Independiente,La Lista del Pueblo,La Lista del Pueblo,D10,D10,Abogado,Abogado,True,True,0,0,False,False,,,https://es.wikipedia.org/wiki/Manuel_Woldarsky
"Zarate, Camila",F,F,1992-01-04,1992-01-04,Independiente,Independiente,La Lista del Pueblo,La Lista del Pueblo,D7,D7,Egresada de Derecho,Egresada de Derecho,False,False,0,0,False,False,,,https://es.wikipedia.org/wiki/Camila_Z%C3%A1rate_Z%C3%A1rate
"Zuniga, Luis Arturo",M,M,1982-12-01,1982-12-01,Unión Demócrata Independiente,Unión Demócrata Independiente,Vamos por Chile,Vamos por Chile,D9,D9,Ingeniero comercial,Ingeniero comercial,False,False,0,0,True,True,Subsecretario de Redes Asistenciales (2019-2020),Subsecretario de Redes Asistenciales (2019-2020),https://es.wikipedia.org/wiki/Arturo_Z%C3%BA%C3%B1iga
