initiative_id,icc_num,commission,fecha_ingreso,fecha_corregida,fecha_raw,autor,n_firmantes_matched
1-4,1,C4,2021-11-10,0,10/noviembre/2021,"Vega, Roberto",10
2-4,2,C4,2021-11-25,0,25/noviembre/2021,"Sepulveda, Barbara",16
3-5,3,C5,2021-11-30,0,30/noviembre/2021,"Miranda, Valentina",9
4-1,4,C1,2021-12-01,0,01/diciembre/2021,"Arrau, Martin",16
5-2,5,C2,2021-12-02,0,02/diciembre/2021,"Hurtado, Ruth",16
6-4,6,C4,2021-12-07,0,07/diciembre/2021,"Rebolledo, Barbara",10
7-2,7,C2,2021-12-08,0,08/diciembre/2021,"Barcelo, Luis",8
8-4,8,C4,2021-12-09,0,09/diciembre/2021,"Dorador, Cristina",42
9-2,9,C2,2021-12-10,0,10/diciembre/2021,"Achurra, Ignacio",20
10-5,10,C5,2021-12-17,0,17/diciembre/2021,"Dorador, Cristina",15
11-4,11,C4,2021-12-20,0,20/Diciembre/2021,"Quinteros, Maria Elisa",8
12-4,12,C4,2021-12-20,0,20/diciembre/2021,"Pustilnick, Tammy",13
13-4,13,C4,2021-12-20,0,20/diciembre/2021,"Rivera, Maria Magdalena",8
14-4,14,C4,2021-12-20,0,20/diciembre/2021,"Delgado, Aurora",10
15-4,15,C4,2021-12-20,0,20/diciembre/2021,"Celedon, Roberto",8
16-4,16,C4,2021-12-20,0,20/Diciembre/2021,"Mamani, Isabella",9
17-4,17,C4,2021-12-20,0,20/diciembre/2021,"Mamani, Isabella",9
18-4,18,C4,2021-12-20,0,20/diciembre/2021,"Mamani, Isabella",9
19-4,19,C4,2021-12-20,0,20/diciembre/2021,"Mamani, Isabella",9
20-4,20,C4,2021-12-20,0,20/diciembre/2021,"Mamani, Isabella",9
21-4,21,C4,2021-12-20,0,20/diciembre/2021,"Mamani, Isabella",9
22-6,22,C6,2021-12-20,0,20/diciembre/2021,"Mamani, Isabella",9
23-4,23,C4,2021-12-20,0,20/diciembre/2021,"Mamani, Isabella",9
24-7,24,C7,2021-12-17,0,17/diciembre/2021,Cristina Dorador,20
25-6,25,C6,2021-12-22,0,22/diciembre/2021,"Bown, Carol",8
26-2,26,C2,2021-12-22,0,22/diciembre/2021,"Arrau, Martin",9
27-4,27,C4,2021-12-22,0,22/diciembre/2021,"Cancino, Adriana",16
28-4,28,C4,2021-12-22,0,22/diciembre/2021,"Delgado, Aurora",32
29-2,29,C2,2021-12-23,0,23/diciembre/2021,"Arrau, Martin",9
30-2,30,C2,2021-12-23,0,23/diciembre/2021,"Arrau, Martin",9
31-2,31,C2,2021-12-23,0,23/diciembre/2021,"Arrau, Martin",9
32-2,32,C2,2021-12-23,0,23/diciembre/2021,"Arrau, Martin",9
33-2,33,C2,2021-12-23,0,23/diciembre/2021,"Arrau, Martin",9
34-2,34,C2,2021-12-23,0,23/diciembre/2021,"Arrau, Martin",9
35-2,35,C2,2021-12-23,0,23/diciembre/2021,"Arrau, Martin",9
36-3,36,C3,2021-12-23,0,23/diciembre/2021,"Arrau, Martin",9
37-2,37,C2,2021-12-23,0,23/diciembre/2021,"Arrau, Martin",9
38-2,38,C2,2021-12-23,0,23/diciembre/2021,"Arrau, Martin",8
39-2,39,C2,2021-12-23,0,23/diciembre/2021,"Vergara, Lisette",13
40-2,40,C2,2021-12-23,0,23/diciembre/2021,"Vergara, Lisette",28
41-6,41,C6,2021-12-24,0,24/diciembre/2021,"Daza, Mauricio",16
42-1,42,C1,2021-12-27,0,27/diciembre/2021,"Rivera, Pollyana",8
43-3,43,C3,2021-12-27,0,27/diciembre/2021,"Pustilnick, Tammy",14
44-2,44,C2,2021-12-24,0,24/diciembre/2021,"Castro, Claudia",10
45-1,45,C1,2021-12-24,0,24/diciembre/2021,"Arrau, Martin",9
46-1,46,C1,2021-12-24,0,24/diciembre/2021,"Arrau, Martin",9
47-2,47,C2,2021-12-24,0,24/diciembre/2021,"Arrau, Martin",9
48-4,48,C4,2021-12-24,0,24/diciembre/2021,"Arrau, Martin",9
49-2,49,C2,2021-12-24,0,24/diciembre/2021,"Arrau, Martin",9
50-2,50,C2,2021-12-24,0,24/diciembre/2021,"Arrau, Martin",9
51-2,51,C2,2021-12-27,0,27/diciembre/2021,"Arrau, Martin",9
52-2,52,C2,2021-12-27,0,27/diciembre/2021,"Arrau, Martin",9
53-6,53,C6,2021-12-23,0,23/diciembre/2021,"Arrau, Martin",9
54-2,54,C2,2021-12-27,0,27/diciembre/2021,"Saldana, Alvin",16
55-2,55,C2,2021-12-27,0,27/diciembre/2021,"Saldana, Alvin",16
56-5,56,C5,2021-12-27,0,27/diciembre/2021,"Saldana, Alvin",16
57-2,57,C2,2021-12-27,0,27/diciembre/2021,"Vergara, Lisette",15
58-2,58,C2,2021-12-27,0,27/diciembre/2021,"Vallejos, Loreto",12
59-2,59,C2,2021-12-27,0,27/diciembre/2021,"Portilla, Ericka",11
60-2,60,C2,2021-12-27,0,27/diciembre/2021,"Alvarez, Julio",16
61-2,61,C2,2021-12-27,0,27/diciembre/2021,"Cretton, Eduardo",12
62-5,62,C5,2021-12-27,0,27/diciembre/2021,"Cretton, Eduardo",8
63-2,63,C2,2021-12-27,0,27/diciembre/2021,"Cretton, Eduardo",16
64-2,64,C2,2021-12-27,0,27/diciembre/2021,,12
65-2,65,C2,2021-12-27,0,27/diciembre/2021,"Cretton, Eduardo",16
66-2,66,C2,2021-12-27,0,27/diciembre/2021,"Cretton, Eduardo",11
67-2,67,C2,2021-12-27,0,27/diciembre/2021,"Monckeberg, Cristian",8
68-4,68,C4,2021-12-27,0,27/diciembre/2021,"Monckeberg, Cristian",8
69-2,69,C2,2021-12-27,0,27/diciembre/2021,"Silva, Luciano",8
70-2,70,C2,2021-12-27,0,27/diciembre/2021,"Veloso, Paulina",9
71-2,71,C2,2021-12-27,0,27/diciembre/2021,"Oyarzun, Maria Jose",16
72-2,72,C2,2021-12-28,0,28/diciembre/2021,"Loncon, Elisa",14
73-4,73,C4,2021-12-28,0,28/diciembre/2021,"Ossandon, Manuel",8
74-4,74,C5,2021-12-28,0,28/diciembre/2021,"Llanquileo, Natividad",16
75-3,75,C3,2021-12-28,0,28/diciembre/2021,"Jurgensen, Harry",15
76-6,76,C6,2021-12-28,0,28/diciembre/2021,"Jurgensen, Harry",14
77-6,77,C6,2021-12-28,0,28/diciembre/2021,"Jurgensen, Harry",8
78-5,78,C5,2021-12-28,0,28/diciembre/2021,"Nunez, Nicolas",13
79-2,79,C2,2021-12-28,0,28/diciembre/2021,"Caiguan, Alexis",10
80-2,80,C2,2021-12-28,0,28/diciembre/2021,"Cespedes, Lorena",9
81-1,81,C1,2021-12-28,0,28/diciembre/2021,"Arrau, Martin",8
82-1,82,C1,2021-12-28,0,28/diciembre/2021,"Arrau, Martin",8
83-1,83,C1,2021-12-28,0,28/diciembre/2021,"Arrau, Martin",8
84-2,84,C2,2021-12-27,0,27/diciembre/2021,"Arrau, Martin",16
85-3,85,C3,2021-12-27,0,27/diciembre/2021,"Arrau, Martin",16
86-2,86,C2,2021-12-27,0,27/diciembre/2021,"Bown, Carol",8
87-7,87,C7,2021-12-29,0,29/diciembre/2021,"Vidal, Rossana",16
88-6,88,C6,2021-12-29,0,29/diciembre/2021,"Viera, Christian",14
89-6,89,C6,2021-12-29,0,29/diciembre/2021,"Viera, Christian",16
90-6,90,C6,2021-12-29,0,29/diciembre/2021,"Laibe, Tomas",16
91-3,91,C3,2021-12-30,0,30/diciembre/2021,"Bacian, Wilfredo",15
92-7,92,C7,2021-12-31,0,31/diciembre/2021,"Caamano, Francisco",13
93-7,93,C7,2022-01-03,0,03/enero/2022,"Caamano, Francisco",16
94-1,94,C1,2021-12-30,0,30/diciembre/2021,"Catrileo, Rosa",21
95-6,95,C6,2021-12-31,0,31/diciembre/2021,"Daza, Mauricio",16
96-6,96,C6,2022-01-03,0,03/enero/2022,"Harboe, Felipe",10
97-6,97,C6,2022-01-03,0,03/enero/2022,"Bravo, Daniel",14
98-6,98,C6,2022-01-03,0,03/enero/2022,"Cozzi, Ruggero",10
99-3,99,C3,2022-01-04,0,04/enero/2022,"Pustilnick, Tammy",16
100-7,100,C7,2022-01-04,0,04/enero/2022,"Caamano, Francisco",16
101-4,101,C4,2021-12-30,0,30/diciembre/2021,"Montealegre, Katerine",8
102-4,102,C4,2021-12-31,0,31/diciembre/2021,"Montealegre, Katerine",8
103-4,103,C4,2021-12-31,0,31/diciembre/2021,"Montealegre, Katerine",8
104-4,104,C4,2021-12-31,0,31/diciembre/2021,"Montealegre, Katerine",8
105-7,105,C7,2022-01-06,0,06/enero/2022,"Botto, Miguel Angel",12
106-7,106,C7,2022-01-06,1,06/enero/2021,"Caiguan, Alexis",16
107-4,107,C4,2022-01-06,0,06/enero/2022,"Grandon, Giovanna",15
108-4,108,C4,2022-01-06,0,06/enero/2022,"Grandon, Giovanna",13
109-4,109,C4,2022-01-06,0,06/enero/2022,"Navarrete, Geoconda",9
110-4,110,C4,2022-01-06,0,06/enero/2022,"Grandon, Giovanna",12
111-1,111,C1,2022-01-06,0,06/enero/2022,"Arancibia, Jorge",13
112-4,112,C2,2022-01-07,0,07/enero/2022,"Labrana, Elsa",18
113-5,113,C5,2022-01-07,0,07/enero/2022,"Labrana, Elsa",14
114-4,114,C4,2022-01-07,0,07/enero/2022,"Castillo, Eduardo",9
115-5,115,C5,2022-01-07,0,07/enero/2022,"Caamano, Francisco",16
116-1,116,C2,2022-01-07,0,07/Enero/2022,"Carrillo, Alondra",16
117-3,117,C3,2022-01-10,0,10/enero/2022,"Labbe, Bastian",8
118-3,118,C3,2022-01-10,0,10/enero/2022,"Andrade, Cristobal",10
119-3,119,C3,2022-01-10,0,10/enero/2022,"Pustilnick, Tammy",14
120-3,120,C3,2022-01-10,0,10/enero/2022,"Pustilnick, Tammy",16
122-3,122,C3,2022-01-10,0,10/enero/2022,"Mella, Jeniffer",13
123-2,123,C2,2022-01-11,0,11/Enero/2022,"Vilches, Carolina",9
124-4,124,C4,2022-01-10,0,10/enero/2022,"Fontaine, Bernardo",16
125-4,125,C4,2022-01-10,0,10/enero/2022,"Alvarez, Rodrigo",16
126-4,126,C4,2022-01-10,0,10/enero/2022,"Cantuarias, Rocio",14
127-4,127,C4,2022-01-10,0,10/enero/2022,"Cantuarias, Rocio",16
128-4,128,C4,2022-01-10,0,10/enero/2022,"Cantuarias, Rocio",15
129-4,129,C4,2022-01-10,0,10/enero/2022,"Cantuarias, Rocio",14
130-4,130,C4,2022-01-10,0,10/enero/2022,"Cantuarias, Rocio",16
131-4,131,C4,2022-01-10,0,10/enero/2022,"Cantuarias, Rocio",16
132-4,132,C4,2022-01-10,0,10/enero/2022,"Cantuarias, Rocio",16
133-4,133,C4,2022-01-10,0,10/enero/2022,"Cantuarias, Rocio",16
134-4,134,C5,2022-01-10,0,10/enero/2022,"Cantuarias, Rocio",16
135-4,135,C4,2022-01-10,0,10/enero/2022,"Cantuarias, Rocio",12
136-4,136,C4,2022-01-10,0,10/enero/2022,"Cantuarias, Rocio",16
137-4,137,C4,2022-01-10,0,10/enero/2022,"Alvarez, Rodrigo",16
138-4,138,C4,2022-01-10,0,10/enero/2022,"Alvarez, Rodrigo",16
139-4,139,C4,2022-01-10,0,10/enero/2022,"Cantuarias, Rocio",16
140-4,140,C4,2022-01-10,0,10/enero/2022,"Cantuarias, Rocio",16
141-4,141,C4,2022-01-10,0,10/enero/2022,"Arrau, Martin",15
142-4,142,C4,2022-01-10,0,10/enero/2022,"Alvarez, Rodrigo",16
143-4,143,C4,2022-01-10,0,10/enero/2022,"Cantuarias, Rocio",16
144-4,144,C4,2022-01-10,0,10/enero/2022,"Cantuarias, Rocio",16
145-4,145,C4,2022-01-10,0,10/enero/2022,"Ossandon, Manuel",9
146-4,146,C4,2022-01-10,0,10/enero/2022,"Ossandon, Manuel",9
147-4,147,C4,2022-01-10,0,10/enero/2022,"Ossandon, Manuel",9
148-4,148,C4,2022-01-10,0,10/enero/2022,"Ossandon, Manuel",9
149-7,149,C7,2022-01-07,1,07/enero/2021,"Tepper, Maria Angelica",12
150-7,150,C7,2022-01-10,0,10/enero/2022,"Tepper, Angelica",14
151-3,151,C3,2022-01-10,0,10/enero/2022,"Jofre, Alvaro",18
152-4,152,C4,2022-01-10,0,10/enero/2022,"Fontaine, Bernardo",16
154-3,154,C3,2022-01-11,0,11/enero/2022,"Jofre, Alvaro",21
156-6,156,C6,2022-01-11,0,11/enero/2022,"Woldarsky, Manuel",14
157-3,157,C3,2022-01-11,0,11/enero/2022,"Alvarez, Julio",16
158-7,158,C7,2022-01-11,0,11/enero/2022,"Arrau, Martin",9
159-3,159,C3,2022-01-10,0,10/enero/2022,"Mella, Jeniffer",13
160-4,160,C4,2022-01-12,0,12/enero/2022,"Miranda, Valentina",8
161-4,161,C4,2022-01-12,0,12/enero/2022,"Cantuarias, Rocio",16
162-4,162,C4,2022-01-12,0,12/enero/2022,"Cantuarias, Rocio",16
163-3,163,C3,2022-01-12,0,12/enero/2022,"Cantuarias, Rocio",16
164-4,164,C4,2022-01-12,0,12/enero/2022,"Arancibia, Jorge",11
165-1,165,C1,2022-01-12,0,12/enero/2022,"Chahín, Fuad",10
166-4,166,C4,2022-01-12,0,12/enero/2022,"Chahin, Fuad",9
167-1,167,C1,2022-01-13,0,13/enero/2022,"Sepulveda, Barbara",15
168-1,168,C1,2022-01-13,0,13/enero/2022,"Jurgensen, Harry",11
169-1,169,C1,2022-01-13,0,13/enero/2022,"Cubillos, Marcela",16
170-4,170,C2,2022-01-14,0,14/enero/2022,"Cubillos, Marcela",16
171-4,171,C4,2021-12-14,1,14/diciembre/2022,"Chahin, Fuad",10
172-6,172,C6,2022-01-14,0,14/enero/2022,"Alvarez, Rodrigo",16
173-6,173,C6,2022-01-14,0,14/enero/2022,"Alvarez, Rodrigo",16
174-1,174,C1,2022-01-14,0,14/enero/2022,"Alvarez, Rodrigo",14
175-4,175,C4,2022-01-14,0,14/enero/2022,"Alvarez, Rodrigo",16
176-2,176,C2,2022-01-14,0,14/enero/2022,"Alvarez, Rodrigo",16
177-5,177,C5,2022-01-14,0,14/enero/2022,"Cubillos, Marcela",15
178-5,178,C5,2022-01-14,0,14/enero/2022,"Alvarez, Rodrigo",16
179-6,179,C6,2022-01-14,0,14/enero/2022,"Alvarez, Rodrigo",16
180-6,180,C6,2022-01-14,0,14/enero/2022,"Alvarez, Rodrigo",16
181-6,181,C6,2022-01-14,0,14/enero/2022,"Alvarez, Rodrigo",15
182-6,182,C6,2022-01-14,0,14/enero/2022,"Alvarez, Rodrigo",16
183-2,183,C2,2022-01-14,0,14/enero/2022,,15
184-6,184,C6,2022-01-14,0,14/enero/2022,"Alvarez, Rodrigo",14
185-7,185,C7,2022-01-14,0,14/enero/2022,"Pinto, Malucha",8
186-7,186,C7,2022-01-14,0,14/enero/2022,"Achurra, Ignacio",18
187-7,187,C7,2022-01-14,0,14/enero/2022,"Achurra, Ignacio",17
188-7,188,C7,2022-01-14,0,14/enero/2022,"Achurra, Ignacio",15
189-7,189,C7,2022-01-14,0,14/enero/2022,"Achurra, Ignacio",10
190-6,190,C2,2022-01-14,0,14/enero/2022,"Llanquileo, Natividad",9
191-2,191,C2,2022-01-14,0,14/enero/2022,"Arrau, Martin",9
192-1,192,C1,2022-01-14,0,14/enero/2022,"Montero, Ricardo",17
193-1,193,C1,2022-01-14,0,14/enero/2022,"Montero, Ricardo",16
194-1,194,C1,2022-01-14,0,14/enero/2022,"Uribe, Cesar",10
195-7,195,C7,2022-01-14,0,14/enero/2022,"Pinto, Malucha",8
196-2,196,C2,2022-01-14,0,14/enero/2022,"Arellano, Marco",11
197-3,197,C3,2022-01-14,0,14/enero/2022,,8
198-6,198,C6,2022-01-14,0,14/enero/2022,"Villena, Ingrid",12
199-4,199,C4,2022-01-14,0,14/enero/2022,"Harboe, Felipe",13
200-3,200,C3,2022-01-14,0,14/enero/2022,"Harboe, Felipe",9
201-6,201,C6,2022-01-14,0,14/enero/2022,"Harboe, Felipe",8
202-6,202,C6,2022-01-14,0,14/enero/2022,"Villena, Ingrid",16
204-1,204,C1,2022-01-14,0,14/enero/2022,"Arrau, Martin",9
205-6,205,C6,2022-01-14,0,14/enero/2022,"Arrau, Martin",11
206-1,206,C1,2022-01-14,0,14/enero/2022,"Grandon, Giovanna",13
207-5,207,C5,2022-01-14,0,14/enero/2022,"Jurgensen, Harry",15
208-4,208,C4,2022-01-14,0,14/enero/2022,"Arrau, Martin",11
209-1,209,C1,2022-01-14,0,14/enero/2022,"Arellano, Marco",13
210-1,210,C2,2022-01-14,0,14/enero/2022,"Monckeberg, Cristian",9
211-1,211,C1,2022-01-14,0,14/enero/2022,"Monckeberg, Cristian",9
212-7,212,C7,2022-01-14,0,14/enero/2022,"Achurra, Ignacio",12
213-1,213,C1,2022-01-14,0,14/enero/2022,"Bassa, Jaime",16
214-6,214,C1,2022-01-14,0,14/enero/2022,"Catrileo, Rosa",11
215-1,215,C1,2021-12-14,1,14/diciembre/2022,"Catrileo, Rosa",11
216-1,216,C1,2022-01-14,0,14/enero/2022,"Catrileo, Rosa",8
217-1,217,C1,2022-01-14,0,14/enero/2022,"Catrileo, Rosa",8
218-1,218,C1,2022-01-14,0,14/enero/2022,"Catrileo, Rosa",8
219-1,219,C1,2022-01-14,0,14/enero/2022,"Catrileo, Rosa",8
220-6,220,C6,2021-12-14,1,14/diciembre/2022,"Bravo, Daniel",15
221-4,221,C4,,,,"Reyes, Maria Ramona",16
222-7,222,C7,2022-01-14,0,14/enero/2022,"Calvo, Carlos",10
223-6,223,C6,,,,"Andrade, Cristobal",14
224-1,224,C1,2022-01-14,0,14/enero/2022,"Bassa, Jaime",9
225-1,225,C1,2022-01-14,0,14/enero/2022,"Bassa, Jaime",10
226-6,226,C6,2022-01-14,0,14/enero/2022,"Royo, Manuela",12
227-1,227,C1,2022-01-14,1,14/enero/2021,"Carrillo, Alondra",11
228-1,228,C1,2022-01-14,1,14/enero/2021,"Carrillo, Alondra",11
229-1,229,C1,2022-01-14,1,14/enero/2021,"Carrillo, Alondra",11
230-2,230,C1,2022-01-14,1,14/enero/2021,"Carrillo, Alondra",14
231-6,231,C6,2022-01-14,0,14/Enero/2022,"Cozzi, Ruggero",10
232-6,232,C6,2021-11-03,0,03/Noviembre/2021,"Arellano, Marco",9
233-6,233,C6,2022-02-01,0,01/Febrero/2022,"Cozzi, Ruggero",10
234-1,234,C1,2022-01-14,0,14/enero/2022,"Bassa, Jaime",13
235-6,235,C6,2022-01-14,0,14/enero/2022,"Hoppe, Vanessa",9
236-1,236,C1,2022-01-14,1,14/Enero/2021,"Barraza, Marcos",9
237-1,237,C1,2022-01-14,0,14/Enero/2022,"Madriaga, Tania",9
238-1,238,C1,2022-01-14,0,14/Enero/2022,"Madriaga, Tania",9
239-1,239,C1,2022-01-14,0,14/Enero/2022,"Madriaga, Tania",9
240-1,240,C1,2022-01-14,0,14/Enero/2022,"Madriaga, Tania",9
241-1,241,C1,2022-01-14,0,14/Enero/2022,"Flores, Alejandra",11
242-6,242,C6,2022-01-14,0,14/enero/2022,"Hoppe, Vanessa",17
243-4,243,C4,2022-01-16,0,16/enero/2022,"Labrana, Elsa",9
244-4,244,C4,2022-01-16,0,16/enero/2022,"Labrana, Elsa",10
245-7,245,C7,2022-01-14,0,14/enero/2022,"Caiguan, Alexis",11
246-1,246,C1,2022-01-14,1,14/enero/2021,"Sepulveda, Barbara",11
247-4,247,C4,2021-12-17,0,17/diciembre/2021,"Grandon, Giovanna",9
248-4,248,C4,2021-12-17,0,17/diciembre/2021,"Grandon, Giovanna",9
249-4,249,C4,2021-12-17,0,17/diciembre/2021,"Grandon, Giovanna",9
251-4,251,C4,,,,"Fernandez, Patricio",16
252-4,252,C4,2022-01-16,0,16/enero/2022,"Urrutia, Tatiana",8
253-1,253,C1,2022-01-14,1,14/enero/2021,"Sepulveda, Barbara",10
254-7,254,C7,2022-01-14,0,14/enero/2022,"Dorador, Cristina",9
255-7,255,C7,2022-01-14,0,14/enero/2022,"Dorador, Cristina",8
256-4,256,C4,2021-12-20,0,20/Diciembre/2021,"Labrana, Elsa",52
257-4,257,C4,2022-01-15,0,15/enero/2022,"Rivera, Maria Magdalena",13
258-4,258,C4,2022-01-16,0,16/enero/2022,"Meneses, Janis",10
259-4,259,C4,2022-01-16,0,16/enero/2022,"Meneses, Janis",10
260-4,260,C4,2022-01-16,0,16/enero/2022,"Meneses, Janis",10
261-4,261,C4,2022-01-16,0,16/enero/2022,"Meneses, Janis",10
262-4,262,C4,2022-01-16,0,16/enero/2022,"Meneses, Janis",10
263-4,263,C4,2022-01-16,0,16/enero/2022,"Meneses, Janis",10
264-4,264,C4,2022-01-16,0,16/enero/2022,"Meneses, Janis",8
265-4,265,C4,2022-01-16,0,16/enero/2022,"Meneses, Janis",10
266-4,266,C4,2022-01-16,0,16/enero/2022,"Meneses, Janis",11
267-4,267,C4,2022-01-16,0,16/enero/2022,"Meneses, Janis",8
268-3,268,C3,2022-01-06,0,06/enero/2022,"Mena, Felipe",25
269-3,269,C3,2022-01-10,0,10/enero/2022,"Mena, Felipe",21
270-5,270,C4,2022-01-13,0,13/enero/2022,"Olivares, Ivanna",9
271-4,271,C4,2022-01-16,0,16/enero/2022,"Henriquez, Natalia",16
272-4,272,C4,2022-01-16,0,16/enero/2022,"Henriquez, Natalia",21
273-4,273,C4,2022-01-16,0,16/enero/2022,"Henriquez, Natalia",15
274-4,274,C4,2022-01-16,0,16/enero/2022,"Henriquez, Natalia",21
275-2,275,C2,2022-01-14,0,14/enero/2022,"Vidal, Rossana",15
276-4,276,C4,,,,"Jurgensen, Harry",15
277-2,277,C2,2022-01-15,0,15/enero/2022,"Olivares, Ivanna",11
278-4,278,C4,2022-01-17,0,17/Enero/2022,"Munoz, Pedro",17
279-4,279,C4,2021-12-17,0,17/diciembre/2021,"Grandon, Giovanna",11
280-4,280,C4,2022-01-16,0,16/enero/2022,"Olivares, Ivanna",15
281-4,281,C4,2022-01-17,0,17/enero/2022,"Olivares, Ivanna",8
282-2,282,C2,2022-01-10,0,10/enero/2022,"Vilches, Carolina",9
283-5,283,C4,2022-01-17,0,17/enero/2022,"Olivares, Ivanna",8
284-5,284,C4,2022-01-17,0,17/enero/2022,"Olivares, Ivanna",8
285-7,285,C4,2022-01-16,0,16/enero/2022,"Olivares, Ivanna",15
286-1,286,C1,2022-01-14,1,14/Enero/2021,"Sepulveda, Barbara",9
287-4,287,C4,2022-01-17,0,17/Enero/2022,"Baranda, Benito",11
288-4,288,C4,2022-01-17,1,17/enero/2021,"Hube, Constanza",16
289-1,289,C1,2022-01-14,1,14/enero/2021,"Catrileo, Rosa",11
290-4,290,C4,2022-01-16,0,16/enero/2022,"Urrutia, Tatiana",9
291-4,291,C4,2022-01-16,0,16/enero/2022,"Urrutia, Tatiana",10
292-4,292,C4,2022-01-16,0,16/enero/2022,"Urrutia, Tatiana",10
293-4,293,C4,2022-01-16,0,16/enero/2022,"Urrutia, Tatiana",12
294-4,294,C4,2022-01-17,0,17/Enero/2022,,16
295-7,295,C7,2022-01-17,0,17/enero/2022,"Neumann, Ricardo",16
296-4,296,C4,2022-01-17,0,17/Enero/2022,"Woldarsky, Manuel",15
297-4,297,C4,,,,"Woldarsky, Manuel",10
298-7,298,C7,2022-01-17,0,17/enero/2022,"Videla, Carolina",11
299-4,299,C4,2022-01-17,0,17/enero/2022,"Bassa, Jaime",14
300-7,300,C7,2022-01-17,0,17/Enero/2022,"Caamano, Francisco",14
301-4,301,C4,2022-01-18,0,18/enero/2022,"Cantuarias, Rocio",15
302-4,302,C2,2022-01-18,0,18/Enero/2022,"Chahin, Fuad",8
303-4,303,C4,2022-01-18,0,18/Enero/2022,"Valenzuela, Cesar",17
304-4,304,C4,,,,"Miranda, Valentina",8
306-5,306,C5,2022-01-18,0,18/Enero/2022,"Alvarado, Gloria",8
307-4,307,C4,2022-01-18,1,18/enero/2021,"Rebolledo, Barbara",14
308-4,308,C2,2022-01-18,0,18/Enero/2022,"Chahin, Fuad",8
310-7,310,C7,2022-01-18,0,18/enero/2022,"Videla, Carolina",15
314-5,314,C5,2022-01-18,0,18/Ene/2022,"Botto, Miguel Angel",10
315-5,315,C5,2022-01-18,0,18/Enero/2022,"Godoy, Isabel",24
316-1,316,C1,,, de enero de 2022,"Vega, Roberto",13
317-6,317,C6,2022-01-18,0,18/Enero/2022,"Monckeberg, Cristian",12
318-4,318,C4,2022-01-18,0,18/Enero/2022,"Monckeberg, Cristian",7
319-6,319,C6,2022-01-18,0,18/Ene/2022,"Daza, Mauricio",13
320-2,320,C2,2022-01-19,0,19/Ene/2022,"Miranda, Valentina",10
321-1,321,C1,2022-01-14,0,14/enero/2022,"Sepulveda, Barbara",16
322-1,322,C1,2022-01-14,1,14/enero/2021,"Sepulveda, Barbara",16
323-1,323,C1,2022-01-14,1,14/enero/2021,"Sepulveda, Barbara",8
324-6,324,C6,2022-01-14,0,14/enero/2022,"Royo, Manuela",12
325-6,325,C6,,,,"Laibe, Tomas",12
326-4,326,C4,2022-01-18,0,18/enero/2022,"Rivera, Pollyana",15
327-7,327,C7,2022-01-18,0,18/enero/2022,"Videla, Carolina",15
328-4,328,C4,2022-01-18,0,18/Enero/2022,"Madriaga, Tania",11
329-3,329,C3,2022-01-18,0,18/Enero/2022,"Madriaga, Tania",12
330-4,330,C4,2022-01-18,0,18/Enero/2022,"Madriaga, Tania",12
331-4,331,C4,2022-01-19,0,19/Enero/2022,"Fontaine, Bernardo",16
332-5,332,C5,2022-01-19,0,19/Enero/2022,,14
333-3,333,C3,2022-01-19,0,19/Enero/2022,"Arancibia, Jorge",14
334-4,334,C4,,,,"Hurtado, Ruth",9
335-7,335,C7,2022-01-19,0,19/enero/2022,"Videla, Carolina",14
336-4,336,C4,2022-01-19,0,19/enero/2022,"Abarca, Damaris",16
337-4,337,C4,2022-01-20,0,20/Enero/2022,"Calvo, Carlos",16
338-4,338,C4,2022-01-20,0,20/enero/2022,"Calvo, Carlos",16
339-7,339,C7,2022-01-20,1,20/Enero/2021,"Botto, Miguel Angel",19
340-4,340,C4,2022-01-18,0,18/Enero/2022,"Madriaga, Tania",12
341-3,341,C3,2022-01-20,0,20/enero/2022,"Rivera, Pollyana",8
342-4,342,C4,2022-01-20,0,20/enero/2022,"Baradit, Jorge",19
343-4,343,C4,2022-01-19,1,19/enero/2021,"Ossandon, Manuel",8
344-3,344,C1,2022-01-14,1,14/Enero/2021,"Larrain, Hernan",12
345-4,345,C4,2022-01-20,0,20/Enero/2022,"Flores, Alejandra",13
346-4,346,C4,,,,"Hurtado, Ruth",10
347-3,347,C1,2022-01-20,0,20/Enero/2022,"Hurtado, Ruth",9
349-6,349,C6,,,,"Mayol, Luis",16
351-4,351,C4,2022-01-20,0,20/enero/2022,"Hurtado, Ruth",11
352-5,352,C5,2022-01-20,0,20 de enero de 2022,"Hurtado, Ruth",10
353-1,353,C1,2022-01-14,0,14/enero/2022,"Bassa, Jaime",16
354-4,354,C4,2022-01-21,0,21/Ene/2022,"Botto, Miguel Angel",14
355-4,355,C4,2021-12-30,0,30/Diciembre/2021,"Serey, Mariela",14
356-5,356,C5,2022-01-21,0,21/enero/2022,"Calvo, Carlos",8
357-4,357,C4,2022-01-21,0,21/Enero/2022,"Alvez, Amaya",16
358-4,358,C2,2022-01-12,0,12/enero/2022,"Castillo, Eduardo",10
359-4,359,C4,2022-01-24,0,24 de enero de 2022,"Calvo, Carlos",11
362-2,362,C2,2022-01-20,0,20/enero/2022,"Meneses, Janis",13
363-4,363,C4,2022-01-21,0,21/Enero/2022,"Meneses, Janis",16
364-5,364,C5,,,,"Jurgensen, Harry",13
365-5,365,C5,,,,"Jurgensen, Harry",11
366-4,366,C4,2022-01-21,1,21/enero/2021,"Arellano, Marco",11
367-2,367,C2,2022-01-21,0,21/Enero/2022,"Castillo, Eduardo",8
368-7,368,C7,2022-01-22,0,22/Enero/2022,"Caamano, Francisco",14
369-4,369,C4,2022-01-23,0,23 de enero de 2022,"Vallejos, Loreto",12
370-4,370,C4,2022-01-23,0,23/enero/2022,"San Juan, Constanza",22
371-4,371,C4,,,,"San Juan, Constanza",17
372-4,372,C4,2022-01-24,0,24/Enero/2022,"Celedon, Roberto",16
373-4,373,C4,2022-01-24,0,24 de enero de 2022,"Calvo, Carlos",11
374-2,374,C2,2022-01-22,0,22/Enero/2022,"Vallejos, Loreto",15
375-4,375,C4,2022-01-17,0,17/Enero/2022,"Celedon, Roberto",11
376-4,376,C4,2022-01-22,0,22/Enero/2022,"Meneses, Janis",16
377-2,377,C2,2022-01-24,0,24/enero/2022,"Saldana, Alvin",11
378-2,378,C2,2022-01-24,0,24/enero/2022,"Saldana, Alvin",14
379-4,379,C4,2022-01-21,0,21/Enero/2022,"Labbe, Bastian",12
380-4,380,C4,2022-01-21,0,21/Enero/2022,"Labbe, Bastian",14
381-4,381,C4,2022-01-21,0,21/Enero/2022,"Labbe, Bastian",12
382-4,382,C4,2022-01-21,0,21/Enero/2022,"Labbe, Bastian",12
383-4,383,C4,2022-01-23,0,23/enero/2022,"Cespedes, Lorena",16
384-3,384,C3,2022-01-23,0,23/enero/2022,"Mena, Felipe",8
385-3,385,C3,2022-01-23,0,23/enero/2022,"Mena, Felipe",8
386-4,386,C4,2022-01-23,0,23/Enero/2022,"Linconao, Francisca",8
387-4,387,C4,2022-01-23,0,23/Enero/2022,"Linconao, Francisca",10
388-5,388,C5,2022-01-24,0,24/Enero/2022,"Tirado, Fernando",10
389-1,389,C2,2022-01-24,1,24/enero/2021,"Aguilera, Tiare",9
390-5,390,C5,2022-01-20,1,20/enero/2021,"Godoy, Isabel",22
391-4,391,C4,,,,"Miranda, Valentina",21
392-7,392,C7,2022-01-24,0,24/enero/2022,"Cespedes, Lorena",14
393-7,393,C7,2022-01-24,0,24/Enero/2022,"Moreno, Alfredo",8
394-3,394,C3,,,,"Reyes, Maria Ramona",16
395-4,395,C4,2022-01-24,0,24/Enero/2022,"Uribe, Cesar",15
396-4,396,C4,2022-01-24,0,24/enero/2022,"Henriquez, Natalia",12
397-3,397,C3,2022-01-24,0,24/enero/2022,"Uribe, Cesar",9
398-5,398,C6,2022-01-20,0,20/Enero/2022,"Olivares, Ivanna",10
399-2,399,C2,2022-01-24,0,24/enero/2022,"San Juan, Constanza",9
400-1,400,C1,2022-01-24,1,24/enero/202,"Hube, Constanza",8
401-1,401,C1,2022-01-24,1,24/enero/202,"Hube, Constanza",11
402-3,402,C3,,,,"Giustinianovich, Elisa",16
403-7,403,C7,2022-01-24,1,24/Enero/2021,"Dorador, Cristina",15
404-4,404,C4,2022-01-23,0,23/enero/2022,"Gonzalez, Lidia",15
405-1,405,C1,2022-01-24,0,24/Enero/2022,"Arrau, Martin",8
406-4,406,C4,2022-01-24,0,24/enero/2022,"Martin, Juan Jose",16
407-4,407,C4,2022-01-16,0,16/enero/2022,"Urrutia, Tatiana",9
408-4,408,C4,2022-01-16,0,16/enero/2022,"Urrutia, Tatiana",10
409-6,409,C6,2022-01-24,0,24/enero/2022,"Villena, Ingrid",16
410-1,410,C1,2022-01-01,0,01/enero/2022,"Castillo, Eduardo",9
411-4,411,C4,2022-01-24,0,24/enero/2022,"Pinto, Malucha",10
412-6,412,C6,2022-01-20,0,20/enero/2022,"Olivares, Ivanna",9
413-4,413,C4,2022-01-25,0,25/enero/2022,"Rivera, Pollyana",15
414-5,414,C5,2022-01-25,0,25/enero/2022,"Fontaine, Bernardo",16
415-5,415,C5,2022-01-25,0,25/enero/2022,"Fontaine, Bernardo",16
416-7,416,C7,2022-01-25,0,25/enero/2022,"Caamano, Francisco",11
417-4,417,C4,2022-01-25,0,25/enero/2022,"Caamano, Francisco",14
418-5,418,C5,2022-01-25,0,25/enero/2022,"Caamano, Francisco",15
419-4,419,C4,,,,"Pustilnick, Tammy",15
420-7,420,C7,2022-01-26,0,26/enero/2022,"Caamano, Francisco",9
421-4,421,C2,2022-01-26,0,26/Enero/2022,"Squella, Agustin",9
422-4,422,C4,2022-01-26,0,26/Enero/2022,"Castillo, Maria Trinidad",9
423-1,423,C1,2022-01-26,0,26/enero/2022,"Barraza, Marcos",11
424-4,424,C4,2022-01-26,0,26/enero/2022,"Monckeberg, Cristian",12
425-6,425,C6,2022-01-26,0,26/enero/2022,"Viera, Christian",10
426-4,426,C4,2022-01-23,0,23/enero/2022,"San Juan, Constanza",8
427-1,427,C1,2022-01-20,0,20/Enero/2022,"Vargas, Margarita",9
428-7,428,C7,2022-01-26,0,26/enero/2022,"Vidal, Rossana",16
429-7,429,C7,2022-01-26,0,26/enero/2022,"Vidal, Rossana",16
430-5,430,C5,2022-01-27,0,27/enero/2022,"Castillo, Maria Trinidad",9
431-6,431,C6,2022-01-26,0,26/enero/2022,"Gallardo, Bessy",11
432-1,432,C1,2022-01-26,0,26/Enero/2022,"Hoppe, Vanessa",13
433-2,433,C2,2022-01-26,0,26/Enero/2022,"Abarca, Jorge",13
434-5,434,C5,2022-01-26,0,26/Enero/2022,"Vilches, Carolina",8
435-7,435,C7,2022-01-24,0,24/enero/2022,"Calvo, Carlos",9
436-4,436,C4,2022-01-26,0,26/Enero/2022,"Labrana, Elsa",7
437-4,437,C4,2022-01-26,0,26/Enero/2022,"Labrana, Elsa",10
438-4,438,C4,2022-01-26,0,26/Enero/2022,"Bacian, Wilfredo",15
439,439,C5,2022-01-27,0,27/enero/2022,,8
440,440,,2022-01-27,0,27/Enero/2022,"Harboe, Felipe",10
441,441,C4,2022-01-27,0,27/Enero/2022,"Navarrete, Geoconda",9
442,442,,2022-01-27,0,27/Enero/2022,"Pinto, Malucha",9
443,443,C4,2022-01-27,1,27/enero/2021,"Grandon, Giovanna",8
444,444,,2022-01-27,0,27/Enero/2022,,9
445,445,,2022-01-27,0,27/ENE/2022,"Royo, Manuela",10
446,446,C6,2022-01-28,0,28/enero/2022,"Videla, Carolina",15
447,447,,2022-01-28,0,28/enero/2022,"Bacian, Wilfredo",11
448-4,448,C5,2022-01-28,0,28/enero/2022,"Barraza, Marcos",10
449-5,449,C5,2022-01-28,0,28/enero/2022,"Barraza, Marcos",10
450-5,450,C5,2022-01-28,0,28/enero/2022,"Gallardo, Bessy",10
451-4,451,C4,2022-01-27,0,27/enero/2022,"Videla, Carolina",16
452-4,452,C4,2022-01-27,0,27/enero/2022,"Rivera, Maria Magdalena",11
453-2,453,C2,2022-01-28,0,28/enero/2022,"Baradit, Jorge",10
454-5,454,C5,2022-01-28,0,28/enero/2022,"Barraza, Marcos",10
455-5,455,C5,2022-01-28,0,28/enero/2022,"Gallardo, Bessy",11
456-4,456,C4,2022-01-20,0,20/Enero/2022,"Baranda, Benito",19
457-6,457,C6,,,,"Royo, Manuela",16
458-4,458,C4,2022-01-31,0,31/enero/2022,"Harboe, Felipe",17
459-7,459,C7,2022-01-31,0,31/enero/2022,"Caamano, Francisco",16
460-6,460,C6,,,,"Woldarsky, Manuel",16
461-4,461,C4,2022-01-29,0,29/enero/2022,"Rivera, Maria Magdalena",11
462-1,462,C1,2022-01-31,0,31/enero/2022,"Barraza, Marcos",13
463-4,463,C4,,,,"Urrutia, Tatiana",16
464-4,464,C4,2022-01-28,0,28/enero/2022,"Dominguez, Gaspar",11
465-6,465,C6,,,,"Cancino, Adriana",16
466-6,466,C6,,,,"Cancino, Adriana",16
467-6,467,C6,2022-01-28,0,28/enero/2022,"Bravo, Daniel",14
468-4,468,C4,2022-01-30,0,30/enero/2022,"Barraza, Marcos",8
469-3,469,C3,2022-01-30,0,30/enero/2022,"Mena, Felipe",15
470-3,470,C3,2022-01-31,0,31/enero/2022,"Bassa, Jaime",10
471-3,471,C3,2022-01-30,0,30/enero/2022,"Mena, Felipe",17
472-6,472,C6,2022-01-28,0,28/enero/2022,"Bravo, Daniel",16
473-4,473,C4,2022-01-30,0,30/enero/2022,"Botto, Miguel Angel",8
475-4,475,C4,2022-01-29,0,29/enero/2022,"Meneses, Janis",12
476-5,476,C5,2022-01-31,0,31/enero/2022,"Fontaine, Bernardo",16
477-3,477,C4,2022-01-30,0,30/enero/2022,"Botto, Miguel Angel",9
478-4,478,C4,2022-01-28,1,28/enero/2021,"Rebolledo, Barbara",8
479-1,479,C1,2022-01-29,0,29/enero/2022,,8
480-3,480,C1,2022-01-31,0,31/Enero/2022,,12
481-1,481,C1,2022-01-29,1,29/enero/2021,"Vega, Roberto",7
482-3,482,C3,2022-01-31,0,31/ENERO/2022,"Arauna, Francisca",13
483-7,483,C7,2022-01-31,0,31/enero/2022,,18
485-2,485,C2,2022-01-31,0,31/enero/2022,"Baradit, Jorge",11
486-4,486,C4,2022-01-31,1,31/enero/2021,"Carrillo, Alondra",16
488-2,488,C2,2022-01-31,0,31/enero/2022,"Vargas, Margarita",8
489-3,489,C3,2022-01-24,1,24/enero/2021,,16
490-6,490,C6,2022-01-26,0,26/enero/2022,"Vergara, Lisette",8
492-4,492,C4,2022-01-26,0,26/enero/2022,"Vergara, Lisette",8
494-1,494,C1,2022-01-25,0,25/enero/2022,"Labrana, Elsa",8
495-4,495,C4,2022-01-26,0,26/Enero/2022,"Miranda, Valentina",9
497-7,497,C7,2022-01-26,0,26/Enero/2022,"Pinto, Malucha",11
498-5,498,C5,2022-01-26,0,26/enero/2022,"Nunez, Nicolas",13
499-5,499,C5,2022-01-26,0,26/enero/2022,"Nunez, Nicolas",12
500-5,500,C5,2022-01-26,0,26/enero/2022,"Nunez, Nicolas",13
501-3,501,C1,2022-01-26,0,26/enero/2022,"Bown, Carol",9
502-5,502,C5,2022-01-26,0,26/enero/2022,"Nunez, Nicolas",16
504-1,504,C1,2022-01-26,0,26/enero/2022,"Rivera, Pollyana",8
506-5,506,C5,2022-01-27,0,27/Enero/2022,"Namor, Guillermo",11
507-2,507,C4,2022-01-27,1,27/enero/2021,"Grandon, Giovanna",8
508-7,508,C7,2022-01-27,0,27/enero/2022,"Arrau, Martin",11
509-5,509,C5,,,,"Jurgensen, Harry",13
510-1,510,C1,2022-01-27,0,27/enero/2022,"Veloso, Paulina",8
511-7,511,C7,2022-01-27,0,27/Enero/2022,"Caamano, Francisco",11
512-4,512,C4,2022-01-27,0,27/Enero/2022,"Fontaine, Bernardo",16
513-3,513,C3,2022-01-27,0,27/Enero/2022,"Millabur, Adolfo",8
514-4,514,C4,,,,"Harboe, Felipe",9
515-4,515,C4,2022-01-27,1,27/Enero/2021,"Grandon, Giovanna",9
516-4,516,C4,2022-01-28,0,28/enero/2022,"Royo, Manuela",15
517-7,517,C7,,,,"Cruz, Andres",12
518-7,518,C7,2022-01-28,0,28/enero/2022,"De la Maza, Bernardo",18
519-4,519,C4,2022-01-27,0,27/enero/2022,"Videla, Carolina",16
521-5,521,C5,2022-01-27,0,27/enero/2022,"Labrana, Elsa",10
522-1,522,C1,,,,"Harboe, Felipe",8
523-4,523,C4,,,,"Harboe, Felipe",10
524-4,524,C4,,,,"Harboe, Felipe",11
525-5,525,C5,2022-01-27,0,27/enero/2022,"Godoy, Isabel",15
526-2,526,C1,2022-01-27,0,27/enero/2022,"Barraza, Marcos",14
527-5,527,C5,2022-01-31,0,31/enero/2022,"Barraza, Marcos",12
528-5,528,C5,2022-01-28,0,28/enero/2022,"Vargas, Margarita",9
529-4,529,C4,2022-01-27,0,27/enero/2022,"Rivera, Maria Magdalena",11
530-4,530,C4,2022-01-30,0,30/enero/2022,"Botto, Miguel Angel",8
531,531,C5,2022-01-28,0,28/enero/2022,"Vega, Roberto",8
532,532,,,,,"Harboe, Felipe",9
533,533,,,,,"Harboe, Felipe",11
534,534,,,,,"Harboe, Felipe",9
535,535,C4,2022-01-28,1,28/enero/2021,"Loncon, Elisa",13
536,536,C3,2022-01-28,0,28/Enero/2022,"Arancibia, Jorge",10
537,537,,2022-01-28,1,28/Enero/2021,"Ossandon, Manuel",8
538,538,C2,2022-01-27,0,27/Enero/2022,"Grandon, Paola",13
539,539,,,,,"Sepulveda, Barbara",12
540,540,,2022-01-27,0,27/Enero/2022,"Abarca, Jorge",11
541,541,C6,2022-01-27,1,27/enero/2021,"Rebolledo, Barbara",16
542,542,C2,2022-01-27,0,27/enero/2022,"Alvarez, Rodrigo",16
543,543,C6,2022-01-26,1,26/enero/2021,"Godoy, Isabel",17
544,544,C6,,,,"Cruz, Andres",16
545,545,C2,2022-01-31,0,31/enero/2022,"Dominguez, Gaspar",16
546,546,C4,2022-01-30,0,30/enero/2022,"Botto, Miguel Angel",8
547,547,C4,2022-01-31,0,31/enero/2022,"Arauna, Francisca",16
548,548,C4,2022-01-31,0,31/enero/2022,"Politzer, Patricia",14
549,549,,,,,"Sepulveda, Barbara",16
550,550,C4,2022-01-29,0,29/enero/2022,"Meneses, Janis",12
551,551,C4,2022-01-29,0,29/Enero/2022,"Meneses, Janis",12
552,552,C4,2022-01-29,0,29/enero/2022,"Meneses, Janis",12
553,553,,,,,"Jurgensen, Harry",12
554,554,C5,2022-01-31,0,31/enero/2022,"Munoz, Pedro",16
555,555,C4,2022-01-31,0,31/Enero/2022,"Fontaine, Bernardo",16
556,556,,2022-01-31,0,31/enero/2022,"Jofre, Alvaro",8
557,557,C6,,,,"Cruz, Andres",16
558,558,C6,,,,"Cruz, Andres",16
559,559,C6,,,,"Cruz, Andres",16
560,560,C6,,,,"Cruz, Andres",16
563,563,C4,2022-01-31,0,31/enero/2022,"Gonzalez, Dayana",13
564,564,,2022-01-31,0,31/enero/2022,"Bassa, Jaime",9
566,566,C4,2022-01-31,0,31/enero/2022,"Cespedes, Lorena",16
567,567,C3,2022-01-31,0,31/enero/2022,"Barraza, Marcos",10
568,568,C4,2022-01-30,0,30/Enero/2022,"Botto, Miguel Angel",8
569,569,C4,2022-01-31,0,31/Enero/2022,"Celedon, Roberto",10
570,570,C4,,,,"Miranda, Valentina",9
571,571,,2022-01-31,0,31/Enero/2022,"Vega, Roberto",8
572,572,C2,2022-01-31,0,31/Enero/2022,"Vega, Roberto",8
573,573,C6,2022-01-31,0,31/enero/2022,"Hoppe, Vanessa",16
574,574,C6,2022-02-01,0,01/Febrero/2022,"Hoppe, Vanessa",16
575,575,C5,2022-02-01,0,01/Febrero/2022,"Delgado, Aurora",12
576,576,C7,2022-01-28,0,28/enero/2022,"De la Maza, Bernardo",17
577,577,C7,2022-01-31,0,31/enero/2022,"Calvo, Carlos",11
578,578,C6,2022-01-31,0,31/enero/2022,"Viera, Christian",14
579,579,C6,2022-01-31,0,31/enero/2022,"Viera, Christian",15
580,580,C6,2022-01-30,0,30/enero/2022,"Stingo, Daniel",15
581,581,C4,2022-02-01,0,01/FEBRERO/2022,"Arauna, Francisca",18
582,582,C7,2022-01-31,0,31/Enero/2022,"Caamano, Francisco",14
583,583,C7,2022-01-31,0,31/enero/2022,"Vidal, Rossana",10
584,584,C7,2022-01-31,0,31/enero/2022,"Pinto, Malucha",14
585,585,C7,2022-01-31,0,31/enero/2022,"Pinto, Malucha",16
586,586,C7,2022-01-31,0,31/enero/2022,"Pinto, Malucha",13
587,587,C2,2022-02-01,0,01/febrero/2022,"Barraza, Marcos",10
588,588,C6,2022-02-01,0,01/febrero/2022,"Barraza, Marcos",14
589,589,C4,2022-01-31,0,31/enero/2022,"Castillo, Maria Trinidad",10
590,590,C4,2022-01-31,0,31/enero/2022,"Serey, Mariela",10
591,591,C2,2022-02-01,0,01/febrero/2022,"Vallejos, Loreto",10
592,592,C2,2022-02-01,0,01/febrero/2022,"Vallejos, Loreto",9
593,593,C7,2022-01-31,0,31/enero/2022,"Vidal, Rossana",10
594,594,C5,2022-01-31,0,31/enero/2022,"Pustilnick, Tammy",13
595,595,C5,2022-02-01,0,01/Febrero/2022,"Uribe, Cesar",19
596,596,,2022-02-01,0,01/Febrero/2022,"Andrade, Cristobal",9
597,597,C5,2022-01-31,0,31/enero/2022,"Abarca, Jorge",16
598,598,C4,2022-01-31,0,31/enero/2022,"Arauna, Francisca",13
599,599,C7,2022-01-31,0,31/enero/2022,"Caamano, Francisco",16
600,600,C4,2022-01-31,0,31/enero/2022,"Caamano, Francisco",16
601,601,C3,2022-01-31,0,31/enero/2022,"Abarca, Jorge",8
602,602,C2,2022-01-31,0,31/enero/2022,"Baradit, Jorge",8
603,603,C2,2022-01-31,0,31/enero/2022,"Baradit, Jorge",11
604,604,C2,2022-01-31,0,31/enero/2022,"Baradit, Jorge",8
605,605,C1,2022-01-31,1,31/enero/2021,"Barraza, Marcos",13
606,606,C5,2022-01-31,0,31/Enero/2022,"Barraza, Marcos",12
608,608,C6,2022-01-30,0,30/enero/2022,"Botto, Miguel Angel",10
609,609,C3,2022-01-31,0,31/enero/2022,"Alvarez, Rodrigo",14
610,610,C4,,,,"Miranda, Valentina",8
611,611,C4,,,,"Miranda, Valentina",8
612,612,,2022-01-31,0,31/Enero/2022,"Jofre, Alvaro",16
613,613,C4,2022-01-31,0,31/enero/2022,"Sepulveda, Barbara",15
614,614,C5,2022-01-31,0,31/Enero/2022,"Uribe, Cesar",13
615,615,C6,2022-01-31,0,31/enero/2022,"Viera, Christian",15
616,616,,2022-01-31,0,31/enero/2022,"Harboe, Felipe",16
617,617,C5,2022-01-28,0,28/enero/2022,"Uribe, Cesar",17
618,618,,2022-01-27,0,27/ENERO/2022,"Andrade, Cristobal",10
619,619,,,,,"Harboe, Felipe",8
620,620,,,,,"Harboe, Felipe",9
621,621,,,,,"Harboe, Felipe",16
622,622,C4,,,,"Harboe, Felipe",10
623,623,C4,2022-01-29,0,29/enero/2022,"Vergara, Lisette",8
624,624,C4,2022-01-30,0,30/enero/2022,"Botto, Miguel Angel",9
625,625,,2022-01-28,0,28/enero/2022,"Vega, Roberto",10
626,626,C2,2022-01-29,0,29/enero/2022,"Vega, Roberto",9
627,627,,2022-01-28,0,28/Enero/2022,"Vega, Roberto",11
628,628,,2022-01-28,0,28/Enero/2022,"Vega, Roberto",9
629,629,C4,,,,"Miranda, Valentina",9
630,630,C4,,,,"Miranda, Valentina",9
631,631,C6,2022-01-31,0,31/enero/2022,"Villena, Ingrid",13
632,632,C2,2022-01-29,0,29/enero/2022,"Vega, Roberto",9
633-3,633,C3,2022-02-01,0,01/febrero/2022,"Gomez, Yarela",16
634-3,634,C5,2022-02-01,0,01/Febrero/2022,"Chahin, Fuad",10
635-4,635,C4,2022-01-31,0,31/enero/2022,"Andrade, Cristobal",9
636-6,636,C6,,,,"Royo, Manuela",16
637,637,C2,2022-02-01,0,01/febrero/2022,"Vallejos, Loreto",14
638,638,C7,2022-02-01,0,01/febrero/2022,"Vidal, Rossana",16
640,640,C1,2022-02-01,0,01/febrero/2022,"Castillo, Eduardo",8
641,641,,2022-02-01,0,01/Feb/2022,"Daza, Mauricio",9
642,642,C3,2022-02-01,0,01/febrero/2022,"Alvarez, Rodrigo",10
643,643,C6,2022-02-01,0,01/febrero/2022,"Barraza, Marcos",10
644,644,C4,2022-01-31,0,31/enero/2022,"Godoy, Isabel",9
645,645,,2022-02-01,0,01/febrero/2022,"Sepulveda, Carolina",11
646,646,C4,2022-02-01,0,01/febrero/2022,"Castillo, Maria Trinidad",8
647,647,C5,2022-02-01,0,01/Febrero/2022,"Zarate, Camila",11
648,648,C3,2022-02-01,0,01/febrero/2022,"Sepulveda, Carolina",9
649,649,,2022-02-01,0,01/febrero/2022,"Videla, Carolina",12
650,650,C4,2022-02-01,0,01/febrero/2022,"Gonzalez, Dayana",8
651,651,C4,2022-02-01,0,01/febrero/2022,"Labrana, Elsa",10
652,652,C2,2022-02-01,0,01/Febrero/2022,"Portilla, Ericka",18
653,653,C4,2022-02-01,0,01/febrero/2022,"Villena, Ingrid",16
654,654,,2022-02-01,0,01/Febrero/2022,"Mamani, Isabella",9
655,655,C4,2022-02-01,0,01/Febrero/2022,"Mella, Jeniffer",10
656,656,C3,2022-02-01,0,01/febrero/2022,"Vergara, Lisette",8
657,657,C6,2022-02-01,0,01/febrero/2022,"Vergara, Lisette",8
658,658,C4,2022-02-01,0,01/febrero/2022,"Vergara, Lisette",8
659,659,C6,2022-02-01,0,01/febrero/2022,"Vergara, Lisette",8
660,660,C2,2022-02-01,0,01/febrero/2022,"Vergara, Lisette",8
661,661,C4,2022-02-01,0,01/febrero/2022,"Vergara, Lisette",8
662,662,C4,2022-02-01,0,01/febrero/2022,"Cespedes, Lorena",16
663,663,C7,2022-02-01,0,01/febrero/2022,"Vargas, Margarita",8
664,664,C5,2022-01-31,0,31/enero/2022,"Rivera, Maria Magdalena",8
665,665,C4,2022-02-01,0,01/febrero/2022,"Reyes, Maria Ramona",9
666,666,C4,2022-02-01,0,01/febrero/2022,"Urrutia, Tatiana",16
667,667,C4,2022-02-01,0,01/febrero/2022,"Urrutia, Tatiana",16
668,668,,2022-02-01,0,01/Febrero/2022,"Mamani, Isabella",13
669,669,C4,2022-01-31,0,31/enero/2022,"Munoz, Pedro",17
670,670,C2,2022-02-01,0,01/Febrero/2022,"Saldana, Alvin",9
671,671,C1,2022-02-01,0,01/febrero/2022,"Fontaine, Bernardo",16
672,672,C2,2022-02-01,0,01/Febrero/2022,"Sepulveda, Carolina",13
673,673,,2022-02-01,0,01/febrero/2022,"Sepulveda, Carolina",13
674,674,C4,2022-02-01,0,01/febrero/2022,"Valenzuela, Cesar",16
675,675,,2022-02-01,0,01/Febrero/2022,"Harboe, Felipe",13
676,676,,2022-02-01,0,01/febrero/2022,"Harboe, Felipe",15
677,677,C5,2022-01-31,0,31/enero/2022,"Mena, Felipe",8
678,678,C4,2022-01-31,0,31/Enero/2022,"Galleguillos, Felix",9
679,679,C5,2022-02-01,0,01/febrero/2022,"Caamano, Francisco",14
680,680,C5,2022-02-01,0,01/febrero/2022,"Caamano, Francisco",13
681,681,C4,2022-02-01,0,01/febrero/2022,"Dominguez, Gaspar",18
682,682,C4,2022-02-01,0,01/febrero/2022,"Fuchslocher, Javier",16
683,683,C1,2022-02-01,0,01/Febrero/2022,"Abarca, Jorge",9
684,684,C5,2022-02-01,0,01/Febrero/2022,"Barcelo, Luis",8
685,685,C4,2022-02-01,0,01/febrero/2022,"Vargas, Mario",16
686,686,C2,2022-02-01,0,01/febrero/2022,"Vargas, Mario",14
687,687,C4,2022-02-01,0,01/Feb/2022,"Orellana, Matias",23
688,688,C4,2022-02-01,0,01/febrero/2022,"Orellana, Matias",16
689,689,C4,2022-02-01,0,01/Feb/2022,"Orellana, Matias",16
690,690,C4,2022-02-01,0,01/febrero/2022,"Fernandez, Patricio",16
691,691,C4,2022-02-01,0,01/febrero/2022,"Fernandez, Patricio",16
692,692,C5,2022-01-31,0,31/enero/2022,"Munoz, Pedro",16
693,693,C7,2022-02-01,0,01/febrero/2022,"Neumann, Ricardo",16
694,694,C6,2022-02-01,0,01/Febrero/2022,"Alvarez, Rodrigo",16
695,695,,2022-02-01,0,01/Febrero/2022,"Harboe, Felipe",10
696,696,,2022-02-01,0,01/febrero/2022,"Jofre, Alvaro",8
697,697,C7,2022-02-01,0,01/febrero/2022,"Castillo, Maria Trinidad",10
698,698,C4,2022-02-01,0,01/febrero/2022,"Flores, Alejandra",11
699,699,,,,Febrero/2022,"Perez, Alejandra",8
700,700,C4,2022-02-01,0,01/febrero/2022,"Perez, Alejandra",8
701,701,,2022-02-01,0,01/febrero/2022,"Perez, Alejandra",8
702,702,C5,2022-02-01,1,01/Febrero/2021,"Tepper, Maria Angelica",12
703,703,,2022-02-01,0,01/febrero/2022,"Videla, Carolina",9
704,704,C4,2022-02-01,0,01/Febrero/2022,"Labrana, Elsa",11
705,705,C4,2022-02-01,0,01/febrero/2022,"Labrana, Elsa",11
706,706,,2022-02-01,0,01/Febrero/2022,"Labrana, Elsa",11
707,707,,2022-02-01,0,01/FEB/2022,"Labrana, Elsa",9
708,708,C5,2022-02-01,0,01/Febrero/2022,"Arauna, Francisca",15
709,709,C5,2022-01-29,0,29/enero/2022,"Alvarado, Gloria",10
710,710,C5,2022-02-01,0,01/febrero/2022,"Alvarado, Gloria",11
711,711,C6,2022-02-01,0,01/Febrero/2022,"Villena, Ingrid",10
712,712,C3,2022-02-01,1,01/febrero/2021,"Vergara, Lisette",9
713,713,C5,2022-02-01,0,01/febrero/2022,"Vergara, Lisette",9
714,714,C6,2022-02-01,0,01/febrero/2022,"Vergara, Lisette",9
715,715,C5,2022-02-01,0,01/febrero/2022,"Vergara, Lisette",9
716,716,C4,2022-02-01,0,01/febrero/2022,"Vergara, Lisette",10
717,717,C6,2022-02-01,0,01/Febrero/2022,"Royo, Manuela",8
718,718,C4,2022-01-31,0,31/Enero/2022,"Quinteros, Maria Elisa",8
719,719,C4,2022-01-31,0,31/enero/2022,"Rivera, Maria Magdalena",8
720,720,C1,2022-01-31,0,31/enero/2022,"Rivera, Maria Magdalena",8
721,721,C5,2022-02-01,0,01/febrero/2022,"Castillo, Maria Trinidad",8
722,722,C5,2022-01-31,0,31/enero/2022,"Castillo, Maria Trinidad",11
723,723,C5,2022-01-31,0,31/Enero/2022,"Castillo, Maria Trinidad",11
724,724,C2,2022-02-01,0,01/Febrero/2022,"Politzer, Patricia",13
725,725,,2022-01-31,0,31/enero/2022,"Urrutia, Tatiana",9
726,726,C4,2022-02-01,1,01/Febrero/2021,"Miranda, Valentina",16
727,727,,2022-02-01,0,01/Febrero/2022,"Chinga, Eric",9
728,728,C4,2022-02-01,0,01/Febrero/2022,"Neumann, Ricardo",15
729,729,C6,,,,"Cozzi, Ruggero",12
730,730,C3,2022-01-27,0,27/Enero/2022,"Millabur, Adolfo",8
731,731,C4,2022-02-01,0,01/febrero/2022,"Moreno, Alfredo",9
732,732,C5,2022-01-31,0,31/enero/2022,"Labbe, Bastian",10
733,733,C6,2022-01-31,0,31/enero/2022,"Fontaine, Bernardo",15
734,734,C1,2022-02-01,0,01/Febrero/2022,"Castillo, Eduardo",8
735,735,,2022-02-01,0,01/Febrero/2022,"Chinga, Eric",9
736,736,,2022-02-01,0,01/Febrero/2022,"Chinga, Eric",9
737,737,C5,2022-02-01,0,01/febrero/2022,"Caamano, Francisco",10
738,738,C7,2022-02-01,0,01/febrero/2022,"Achurra, Ignacio",8
739,739,C7,2022-02-01,0,01/Febrero/2022,"Achurra, Ignacio",9
740,740,C5,2022-02-01,0,01/Febrero/2022,"Nunez, Nicolas",16
741,741,C7,2022-02-01,0,01/Febrero/2022,"Achurra, Ignacio",9
742,742,C7,2022-02-01,0,01/Febrero/2022,,13
743,743,C7,2022-02-01,0,01/Febrero/2022,"Achurra, Ignacio",10
744,744,C5,2022-01-31,0,31/Enero/2022,"Castillo, Maria Trinidad",12
745,745,C5,2022-01-31,0,31/enero/2022,"Castillo, Maria Trinidad",8
746,746,C4,,,,"Woldarsky, Manuel",13
747,747,C4,,,,,11
748,748,C6,,,,,
749,749,C4,2022-02-01,0,01/Febrero/2022,"Quinteros, Maria Elisa",9
750,750,C1,2022-02-01,0,01/Febrero/2022,"Celis, Raul",11
751,751,C1,2022-02-01,0,01/febrero/2022,"Celis, Raul",14
752,752,C1,2022-02-01,0,01/febrero/2022,"Celis, Raul",14
753,753,C3,2022-02-01,0,01/febrero/2022,"Celis, Raul",14
754,754,C1,2022-02-01,0,01/febrero/2022,"Montero, Ricardo",18
755,755,C2,2022-02-01,0,01/febrero/2022,"Celedon, Roberto",12
756,756,,2022-02-01,1,01/febrero/2021,"Bacian, Wilfredo",13
757,757,,2022-02-01,0,01/febrero/2022,"Valenzuela, Cesar",16
758,758,C2,2022-02-01,0,01/Febrero/2022,,13
759,759,C2,,,,"Veloso, Paulina",9
760,760,C2,2022-02-01,0,01/Febrero/2022,"Hoppe, Vanessa",9
761,761,C2,2022-02-01,0,01/Febrero/2022,"Saldana, Alvin",14
762,762,C2,2022-02-01,0,01/Febrero/2022,"Saldana, Alvin",13
763,763,,,,,"Daza, Mauricio",10
764,764,C5,2022-02-01,0,01/febrero/2022,"Salinas, Fernando",15
765,765,C5,2022-02-01,0,01/febrero/2022,"Salinas, Fernando",13
766,766,C5,2022-02-01,0,01/febrero/2022,"Salinas, Fernando",14
767-5,767,C5,2022-02-01,0,01/febrero/2022,"Martin, Juan Jose",13
768,768,C3,2022-01-27,0,27/Enero/2022,"Chinga, Eric",11
769,769,C5,2022-02-01,0,01/febrero/2022,"Salinas, Fernando",16
771,771,C4,2022-02-01,0,01/febrero/2022,"Salinas, Fernando",14
772,772,,2022-01-27,1,27/enero/2021,"Tepper, Maria Angelica",10
773,773,C4,,,,"Cancino, Adriana",13
774,774,C4,2022-02-01,1,01/febrero/2021,"Rebolledo, Barbara",9
775,775,C4,2022-02-01,0,01/febrero/2022,"Sepulveda, Barbara",16
776,776,C4,2022-02-01,0,01/febrero/2022,,12
778,778,C5,2022-02-01,0,01/febrero/2022,"Navarrete, Geoconda",13
779,779,C3,2022-02-01,0,01/febrero/2022,"Olivares, Ivanna",8
780,780,C2,2022-02-01,0,01/febrero/2022,"Martinez, Helmuth",15
781,781,C4,,,,"Woldarsky, Manuel",12
782,782,C5,2022-02-01,0,01/Febrero/2022,"Salinas, Fernando",14
783,783,C2,2022-02-01,0,01/Febrero/2022,"Olivares, Ivanna",10
784,784,,2022-02-01,0,01/febrero/2022,"Abarca, Damaris",15
785,785,,2022-02-01,0,01/febrero/2022,"Labra, Patricia",12
786,786,C5,2022-02-01,0,01/febrero/2022,"Zarate, Camila",16
787,787,C5,2022-02-01,0,01/febrero/2022,"Zarate, Camila",16
788,788,C5,2022-02-01,0,01/Febrero/2022,"Zarate, Camila",16
789,789,C4,2022-02-01,0,01/febrero/2022,"Hube, Constanza",8
790,790,,2022-02-01,0,01/febrero/2022,"Dorador, Cristina",19
791,791,C7,2022-02-01,0,01/febrero/2022,"Dorador, Cristina",10
792,792,C5,2022-02-01,0,01/Febrero/2022,"Labrana, Elsa",12
793,793,C4,,,,"Alvarado, Gloria",12
794,794,C5,2022-02-01,0,01/Febrero/2022,"Olivares, Ivanna",10
795,795,C5,2022-02-01,0,01/Febrero/2022,"Olivares, Ivanna",10
796,796,C5,2022-02-01,0,01/febrero/2022,"Martin, Juan Jose",16
797,797,,2022-01-31,0,31/enero/2022,"Cespedes, Lorena",12
798,798,C6,,,,"Labra, Patricia",12
799,799,,2022-02-01,0,01/febrero/2022,"Martin, Juan Jose",12
800,800,C4,2022-02-01,0,01/Febrero/2022,"Fontaine, Bernardo",16
801,801,C6,2022-02-01,0,01/Febrero/2022,"Viera, Christian",11
802,802,C6,2022-02-01,0,01/Febrero/2022,"Viera, Christian",11
803,803,C6,2022-02-01,0,01/Febrero/2022,"Viera, Christian",16
804,804,C4,2022-02-01,0,01/Febrero/2022,"Galleguillos, Felix",12
805,805,C6,2022-02-01,0,01/febrero/2022,,15
806,806,C3,2022-02-01,0,01/febrero/2022,"Gutierrez, Hugo",10
807,807,C1,2022-02-01,0,01/febrero/2022,"Bassa, Jaime",14
809,809,,2022-01-31,0,31/enero/2022,"Martin, Juan Jose",9
810,810,C5,2022-02-01,0,01/febrero/2022,"Martin, Juan Jose",16
811,811,C5,2022-02-01,0,01/febrero/2022,"Martin, Juan Jose",10
812,812,,2022-02-01,0,01/febrero/2022,"Martin, Juan Jose",13
813,813,C6,,,,"Woldarsky, Manuel",8
814,814,C2,,,,"Woldarsky, Manuel",15
815,815,C1,2022-02-01,0,01/Febrero/2022,"Arellano, Marco",14
817,817,C4,,,,"Daza, Mauricio",10
818,818,,,,,"Daza, Mauricio",8
819,819,,,,,"Daza, Mauricio",12
820,820,,,,,"Daza, Mauricio",9
821,821,C5,2022-02-01,0,01/Febrero/2022,"Nunez, Nicolas",15
822,822,C5,2022-02-01,0,01/febrero/2022,"Nunez, Nicolas",16
823,823,C5,2022-02-01,0,01/Febrero/2022,"Alvarez, Rodrigo",10
824,824,C5,2022-02-01,0,01/Febrero/2022,"Alvarez, Rodrigo",10
825,825,C5,2022-02-01,0,01/Febrero/2022,"Alvarez, Rodrigo",10
826,826,C5,2022-02-01,0,01/Febrero/2022,"Antilef, Victorino",11
827-4,827,C4,2022-02-01,0,01/Febrero/2022,,8
828-5,828,C5,2022-02-01,0,01/Febrero/2022,"Godoy, Isabel",14
829,829,C4,2022-02-01,1,01/febrero/2021,"Rebolledo, Barbara",8
830,830,C4,2022-02-01,1,01/febrero/2021,"Rebolledo, Barbara",8
831,831,C2,2022-02-01,0,01/febrero/2022,"Sepulveda, Barbara",16
832,832,C7,2022-01-31,0,31/Enero/2022,"Dorador, Cristina",8
833,833,C4,2022-02-01,0,01/Febrero/2022,"Dorador, Cristina",11
834,834,C2,2022-02-01,0,01/Febrero/2022,"Dorador, Cristina",8
835,835,C7,2022-02-01,0,01/febrero/2022,"Calvo, Carlos",16
836,836,,2022-02-01,0,01/febrero/2022,"Loncon, Elisa",9
837,837,C4,2022-02-01,0,01/febrero/2022,"Labrana, Elsa",11
838,838,C4,2022-02-01,0,01/febrero/2022,"Labrana, Elsa",11
839,839,C4,2022-02-01,0,01/febrero/2022,"Labrana, Elsa",12
840,840,C4,2022-02-01,0,01/febrero/2022,"Labrana, Elsa",11
841,841,C1,2022-02-01,0,01/febrero/2022,"Arauna, Francisca",11
842,842,C4,2022-01-31,0,31/Enero/2022,"Linconao, Francisca",10
843,843,C4,2022-02-01,0,01/febrero/2022,"Linconao, Francisca",15
844,844,C4,2022-02-01,0,01/febrero/2022,"Linconao, Francisca",16
845,845,C4,2022-02-01,0,01/febrero/2022,"Linconao, Francisca",15
846,846,C1,2022-02-01,0,01/Febrero/2022,"Olivares, Ivanna",10
847,847,C5,2022-02-01,0,01/Febrero/2022,"Olivares, Ivanna",10
848,848,C4,2022-02-01,0,01/febrero/2022,"Meneses, Janis",12
849,849,C5,2022-02-01,0,01/febrero/2022,"Labra, Patricia",10
850,850,C4,2022-02-01,1,01/febrero/2021,"Labra, Patricia",8
851,851,C7,2022-02-01,0,01/febrero/2022,"Rivera, Pollyana",9
852,852,C5,2022-01-14,0,14/Enero/2022,"Madriaga, Tania",11
853,853,C4,2022-02-01,0,01/Febrero/2022,"Millabur, Adolfo",8
854,854,C4,2022-02-01,0,01/febrero/2022,,8
855,855,C5,2022-02-01,0,01/febrero/2022,"Salinas, Fernando",16
856,856,C7,2022-02-01,0,01/Febrero/2022,"Caamano, Francisco",11
857,857,C4,2022-02-01,0,01/febrero/2022,"Abarca, Jorge",11
858,858,C2,2022-01-27,0,27/Enero/2022,"Abarca, Jorge",16
859,859,C4,2022-02-01,0,01/febrero/2022,"Abarca, Jorge",12
860,860,C5,2022-02-01,0,01/Febrero/2022,"Abarca, Jorge",11
861,861,C4,2022-02-01,0,01/Febrero/2022,"Barcelo, Luis",8
862,862,C2,,,,"Woldarsky, Manuel",9
863,863,C1,2022-02-01,0,01/febrero/2022,"Barraza, Marcos",10
864,864,C1,2022-02-01,0,01/Febrero/2022,"Barraza, Marcos",14
865,865,C1,2022-02-01,0,01/febrero/2022,"Barraza, Marcos",12
866,866,C6,2022-02-01,0,01/Febrero/2022,"Garin, Renato",14
867,867,C5,2022-02-01,0,01/Febrero/2022,"Alvarez, Rodrigo",11
868,868,C5,2022-02-01,0,01/febrero/2022,"Alvarez, Rodrigo",10
869,869,C3,2022-02-01,0,01/Febrero/2022,"Ampuero, Adriana",15
870,870,C1,2022-02-01,0,01/febrero/2022,"Carrillo, Alondra",12
871,871,,2022-02-01,0,01/febrero/2022,"Alvez, Amaya",11
872,872,C4,2022-02-01,0,01/febrero/2022,"Rebolledo, Barbara",9
873,873,C5,2022-02-01,0,01/Febrero/2022,"Zarate, Camila",10
874,874,C7,2022-02-01,0,01/febrero/2022,"Videla, Carolina",10
875,875,C5,2022-02-01,0,01/febrero/2022,"San Juan, Constanza",23
876,876,C5,2022-02-01,1,01/febrero/2021,"Giustinianovich, Elisa",15
877,877,C2,2022-02-01,0,01/febrero/2022,"Labrana, Elsa",11
878,878,C4,2022-02-01,0,01/febrero/2022,"Portilla, Ericka",8
879,879,C4,2022-02-01,0,01/febrero/2022,"Portilla, Ericka",9
880,880,C6,2022-02-01,0,01/febrero/2022,"Villena, Ingrid",10
881,881,C4,2022-02-01,0,01/Febrero/2022,"Villena, Ingrid",8
882,882,C5,2022-02-01,0,01/Febrero/2022,"Godoy, Isabel",10
883,883,C5,2022-02-01,0,01/Febrero/2022,"Olivares, Ivanna",10
884,884,C5,2022-02-01,0,01/Febrero/2022,"Olivares, Ivanna",10
885,885,C1,2022-02-01,0,01/Febrero/2022,"Gonzalez, Lidia",13
886,886,C2,2022-02-01,0,01/febrero/2022,"Vergara, Lisette",14
887,887,C4,2022-02-01,0,01/febrero/2022,"Castillo, Maria Trinidad",10
888,888,C4,2022-02-01,0,01/febrero/2022,"Henriquez, Natalia",10
889,889,,2022-02-01,0,01/febrero/2022,"Llanquileo, Natividad",16
890,890,C2,2022-02-01,0,01/febrero/2022,"Gutierrez, Hugo",11
892,892,,2022-02-01,0,01/febrero/2022,"Baranda, Benito",11
893,893,,2022-02-01,0,01/Febrero/2022,"Baranda, Benito",13
896,896,C5,2022-01-31,0,31/enero/2022,"Uribe, Cesar",8
897,897,C4,2022-02-01,0,01/Febrero/2022,"Uribe, Cesar",10
898,898,C3,,,,"Uribe, Cesar",17
899,899,C4,2022-02-01,0,01/febrero/2022,"Uribe, Cesar",16
900,900,C6,2022-02-01,0,01/Febrero/2022,,9
901,901,C7,2022-02-01,0,01/febrero/2022,"Bravo, Daniel",8
902,902,C6,2022-02-01,0,01/Febrero/2022,"Stingo, Daniel",11
903,903,C5,2022-02-01,0,01/febrero/2022,"Salinas, Fernando",16
904,904,C2,2022-02-01,0,01/febrero/2022,"Gutierrez, Hugo",8
905,905,C2,2022-02-01,0,01/febrero/2022,"Gutierrez, Hugo",9
906,906,C5,2022-02-01,0,01/febrero/2022,"Gutierrez, Hugo",9
907,907,C3,2022-02-01,0,01/febrero/2022,"Gutierrez, Hugo",8
908,908,C1,2022-02-01,0,01/febrero/2022,"Gutierrez, Hugo",8
909,909,C6,2022-02-01,0,01/febrero/2022,"Gutierrez, Hugo",10
910,910,C5,2022-02-01,0,01/febrero/2022,"Gutierrez, Hugo",10
911,911,C1,2022-02-01,0,01/febrero/2022,"Gutierrez, Hugo",10
912,912,,,,,"Abarca, Jorge",12
913,913,,2022-02-01,0,01/febrero/2022,"Jimenez, Luis",12
914,914,C6,2022-02-01,0,01/Febrero/2022,"Jimenez, Luis",12
915,915,C6,2022-02-01,0,01/febrero/2022,"Jimenez, Luis",11
916,916,C1,2022-02-01,0,01/febrero/2022,"Jimenez, Luis",9
917,917,C6,2022-02-01,0,01/Febrero/2022,"Arellano, Marco",16
918,918,,,,,"Daza, Mauricio",13
919,919,C5,2022-02-01,0,01/febrero/2022,"Nunez, Nicolas",15
920,920,C5,2022-02-01,0,01/febrero/2022,"Llanquileo, Natividad",16
921,921,C3,2022-02-01,0,01/Febrero/2022,"Gomez, Yarela",16
922,922,C2,2022-02-01,0,01/febrero/2022,"Llanquileo, Natividad",16
924,924,C1,2022-02-01,0,01/febrero/2022,"Schonhaut, Constanza",11
925,925,C1,2022-02-01,0,01/Febrero/2022,"Olivares, Ivanna",10
926,926,C2,2022-02-01,0,01/febrero/2022,"Saldana, Alvin",15
927,927,C2,2022-02-01,0,01/febrero/2022,"Carrillo, Alondra",10
928,928,C4,2022-02-01,0,01/febrero/2022,"San Juan, Constanza",16
929,929,C3,2022-02-01,0,01/febrero/2022,"Rivera, Maria Magdalena",10
930,930,C5,2022-02-01,0,01/febrero/2022,"San Juan, Constanza",8
931,931,C3,2022-02-01,0,01/febrero/2022,"Mena, Felipe",16
932,932,C7,2022-02-01,0,01/Febrero/2022,"Galleguillos, Felix",17
933,933,C1,2022-02-01,0,01/Febrero/2022,"Montero, Ricardo",8
934,934,,,,,"Cozzi, Ruggero",9
935,935,,2022-02-01,1,01/febrero/2021,"Rebolledo, Barbara",8
936,936,,,,,"Daza, Mauricio",9
937,937,C6,,,,"Laibe, Tomas",16
938,938,C3,2022-02-01,1,01/febrero/2021,"Giustinianovich, Elisa",13
939,939,C4,2022-02-01,0,01/Febrero/2022,"Alvarez, Rodrigo",8
940,940,C4,,,,,10
941,941,C4,2022-01-31,0,31/enero/2022,"Gonzalez, Dayana",13
942,942,C7,2022-02-01,0,01/Febrero/2022,"Pinto, Malucha",8
943,943,C6,2022-01-26,0,26/enero/2022,"Vergara, Lisette",9
944,944,C4,2022-01-26,1,26/enero/2021,"Vergara, Lisette",9
945,945,C7,2022-02-01,0,01/febrero/2022,"Caamano, Francisco",10
946,946,C5,2022-02-01,0,01/febrero/2022,"Antilef, Victorino",11
947,947,C4,2022-02-01,0,01/febrero/2022,"Rebolledo, Barbara",8
948,948,C4,2022-02-01,0,01/febrero/2022,"Rebolledo, Barbara",8
949,949,C1,2022-02-01,0,01/Febrero/2022,"Chahin, Fuad",8
950-3,950,C5,2022-02-01,0,01/Febrero/2022,"Zarate, Camila",16
951-5,951,C5,2022-02-01,0,01/Febrero/2022,"Zarate, Camila",16
952-7,952,C5,2022-02-01,0,01/febrero/2022,"Zarate, Camila",16
953-1,953,C1,2022-02-01,0,01/Febrero/2022,"Vilches, Carolina",8
954-5,954,C5,2022-02-01,0,01/febrero/2022,"Vilches, Carolina",82
957-5,957,C5,2022-02-01,0,01/Febrero/2022,"Olivares, Ivanna",15
958-2,958,C2,2022-02-01,0,01/febrero/2022,"Oyarzun, Maria Jose",11
959-1,959,C1,2022-02-01,1,01/febrero/2021,"Catrileo, Rosa",14
960-4,960,C4,2022-02-01,0,01/Febrero/2022,"Madriaga, Tania",12
961-3,961,C3,2022-02-01,0,01/Febrero/2022,"Madriaga, Tania",14
962,962,,2022-02-01,0,01/febrero/2022,"Monckeberg, Cristian",13
964,964,,2022-02-01,0,01/Febrero/2022,"Salinas, Fernando",14
965,965,C5,2022-02-01,0,01/Febrero/2022,,16
966,966,C2,2022-01-29,0,29/enero/2022,"Oyarzun, Maria Jose",13
967,967,C2,2022-02-01,0,01/Febrero/2022,"Madriaga, Tania",12
968,968,C4,,,,"Miranda, Valentina",8
969,969,C5,2022-02-01,0,01/febrero/2022,"Alvarado, Gloria",14
970,970,C5,2022-02-01,0,01/febrero/2022,"Nunez, Nicolas",12
971,971,C5,2022-02-01,0,01/Febrero/2022,"Olivares, Ivanna",10
972,972,C3,2022-02-01,0,01/Febrero/2022,"Vilches, Carolina",11
973,973,C5,2022-02-01,0,01/Febrero/2022,"Vilches, Carolina",10
974,974,C4,2022-02-01,0,01/Febrero/2022,"Madriaga, Tania",16
975,975,C4,2022-02-01,0,01/Febrero/2022,"Labbe, Bastian",9
976,976,C5,2022-02-01,0,01/Febrero/2022,"Madriaga, Tania",13
977,977,C4,2022-02-01,0,01/Febrero/2022,,12
978-5,978,C5,2022-02-01,0,01/febrero/2022,,9
979,979,C4,2022-02-01,0,01/Febrero/2022,"Madriaga, Tania",12
980,980,C1,2022-02-01,0,01/febrero/2022,"Carrillo, Alondra",14
981,981,,2022-02-01,0,01/Febrero/2022,"Dorador, Cristina",11
982,982,C5,2022-02-01,0,01/febrero/2022,"San Juan, Constanza",9
983,983,C5,2022-02-01,0,01/Febrero/2022,"Vilches, Carolina",11
984,984,C5,2022-02-01,0,01/febrero/2022,"Hoppe, Vanessa",16
985,985,C5,2022-02-01,0,01/febrero/2022,"Labrana, Elsa",11
986,986,C4,2022-02-01,0,01/febrero/2022,"Vidal, Rossana",14
987,987,C2,2022-02-01,0,01/febrero/2022,"Schonhaut, Constanza",10
988,988,C2,2022-02-01,0,01/febrero/2022,"Loncon, Elisa",9
989,989,C4,2022-02-01,0,01/febrero/2022,"Labrana, Elsa",11
990,990,C2,2022-02-01,0,01/Febrero/2022,"Labrana, Elsa",10
991,991,C5,2022-02-01,0,01/Febrero/2022,"Olivares, Ivanna",14
992,992,C5,2022-02-01,0,01/Febrero/2022,"Olivares, Ivanna",10
993,993,C4,2022-02-01,0,01/febrero/2022,"Videla, Carolina",9
994,994,C4,2022-02-01,0,01/febrero/2022,"Pinto, Malucha",10
995,995,C2,2022-02-01,0,01/febrero/2022,"Viera, Christian",13
996,996,C5,2022-01-25,0,25/enero/2022,"Caamano, Francisco",15
997,997,C7,2022-02-01,0,01/febrero/2022,"Caamano, Francisco",10
998,998,C7,2022-01-26,0,26/enero/2022,"Caamano, Francisco",9
999,999,C4,2022-01-25,0,25/enero/2022,"Caamano, Francisco",14
1000,1000,C4,,,,"Abarca, Jorge",8
1001,1001,C5,2022-02-01,0,1/febrero/2022,"Martin, Juan Jose",11
1002,1002,,2022-02-01,0,1/febrero/2022,"Martin, Juan Jose",12
1003,1003,C6,,,,"Mayol, Luis",8
1004,1004,C1,2022-01-26,0,26/enero/2022,"Barraza, Marcos",11
1005,1005,C4,2022-02-01,0,01/Febrero/2022,"Celedon, Roberto",11
1006,1006,C4,2022-02-01,0,01/Febrero/2022,"Labbe, Bastian",9
1007,1007,C6,2022-02-01,0,1/Febrero/2022,"Celedon, Roberto",11
1008,1008,,2022-02-02,0,02/febrero/2022,"Castro, Claudia",9
1009,1009,C5,2022-01-26,0,26 de enero de 2022,"Nunez, Nicolas",13
1010,1010,C5,2022-02-01,0,01/febrero/2022,"Vilches, Carolina",9
1011,1011,,,,,,
1012,1012,C5,2022-02-01,0,1/febrero/2022,"Nunez, Nicolas",13
1013,1013,C7,2022-02-01,0,01/febrero/2022,"Galleguillos, Felix",11
1014,1014,C3,2022-02-01,0,1/Febrero/2022,"Ampuero, Adriana",12
1015,1015,C2,2022-02-01,0,1/febrero/2022,"Valenzuela, Paulina",12
1016,1016,,2022-01-31,0,31/Enero/2022,"Chinga, Eric",14
1017,1017,C6,2022-02-01,0,01/Febrero/2022,"Vergara, Lisette",8
1018,1018,C3,2022-01-01,0,01/Enero/2022,"Reyes, Maria Ramona",14
1019,1019,C4,2022-02-01,0,01/Febrero/2022,"Fontaine, Bernardo",16
1020,1020,C5,2022-02-01,0,01/Febrero/2022,"Salinas, Fernando",14
1021,1021,C4,2022-02-01,0,01/febrero/2022,"Labrana, Elsa",11
1022,1022,C4,2022-02-01,0,01/Febrero/2022,"Labrana, Elsa",8
1023,1023,C4,2022-02-01,0,1/febrero/2022,"Vilches, Carolina",10
1024,1024,C3,2022-02-01,0,01/Febrero/2022,"Vilches, Carolina",10
1025,1025,C4,2022-02-01,0,01/Febrero/2022,"Chinga, Eric",9
1026,1026,C4,2022-01-25,0,25/enero/2022,"Serey, Mariela",16
1027,1027,C4,2022-01-12,0,12/Enero/2022,"Harboe, Felipe",10
1028,1028,C6,2022-02-01,0,01/febrero/2022,"Vergara, Lisette",8
1029,1029,C5,2022-02-01,0,1/febrero/2022,"Vilches, Carolina",16
1030,1030,C4,2022-02-01,0,01/Febrero/2022,,11
1031,1031,C4,,,,"Laibe, Tomas",16
1032,1032,C5,2022-01-31,0,31/enero/2022,"Mella, Jeniffer",13
1033,1033,C7,2022-02-01,0,1/Febrero/2022,"Neumann, Ricardo",15
1034,1034,C6,2022-01-26,0,26/Enero/2022,"Gutierrez, Hugo",10
1035,1035,C6,2022-01-26,0,26/Enero/2022,"Gutierrez, Hugo",11
